"title","start_time","end_time","description","exercise_title","superset_id","exercise_notes","set_index","set_type","weight_kg","reps","distance_km","duration_seconds","rpe"
"Séance pecs biceps","Sep 11, 2025, 2:03 PM","Sep 11, 2025, 3:35 PM","","EZ Bar Biceps Curl",,"",0,"normal",10,15,,,
"Séance pecs biceps","Sep 11, 2025, 2:03 PM","Sep 11, 2025, 3:35 PM","","EZ Bar Biceps Curl",,"",1,"normal",10,15,,,
"Séance pecs biceps","Sep 11, 2025, 2:03 PM","Sep 11, 2025, 3:35 PM","","EZ Bar Biceps Curl",,"",2,"normal",15,12,,,
"Séance pecs biceps","Sep 11, 2025, 2:03 PM","Sep 11, 2025, 3:35 PM","","EZ Bar Biceps Curl",,"",3,"normal",15,12,,,
"Séance pecs biceps","Sep 11, 2025, 2:03 PM","Sep 11, 2025, 3:35 PM","","Hammer Curl (Dumbbell)",,"",0,"normal",16,10,,,
"Séance pecs biceps","Sep 11, 2025, 2:03 PM","Sep 11, 2025, 3:35 PM","","Hammer Curl (Dumbbell)",,"",1,"normal",16,10,,,
"Séance pecs biceps","Sep 11, 2025, 2:03 PM","Sep 11, 2025, 3:35 PM","","Hammer Curl (Dumbbell)",,"",2,"normal",20,8,,,
"Séance pecs biceps","Sep 11, 2025, 2:03 PM","Sep 11, 2025, 3:35 PM","","Hammer Curl (Dumbbell)",,"",3,"normal",20,10,,,
"Séance pecs biceps","Sep 11, 2025, 2:03 PM","Sep 11, 2025, 3:35 PM","","Butterfly (Pec Deck)",,"",0,"normal",45,12,,,
"Séance pecs biceps","Sep 11, 2025, 2:03 PM","Sep 11, 2025, 3:35 PM","","Butterfly (Pec Deck)",,"",1,"normal",52,12,,,
"Séance pecs biceps","Sep 11, 2025, 2:03 PM","Sep 11, 2025, 3:35 PM","","Butterfly (Pec Deck)",,"",2,"normal",39,12,,,
"Séance pecs biceps","Sep 11, 2025, 2:03 PM","Sep 11, 2025, 3:35 PM","","Preacher Curl (Machine)",,"",0,"normal",9,12,,,
"Séance pecs biceps","Sep 11, 2025, 2:03 PM","Sep 11, 2025, 3:35 PM","","Preacher Curl (Machine)",,"",1,"normal",14,12,,,
"Séance pecs biceps","Sep 11, 2025, 2:03 PM","Sep 11, 2025, 3:35 PM","","Preacher Curl (Machine)",,"",2,"normal",14,12,,,
"Séance pecs biceps","Sep 11, 2025, 2:03 PM","Sep 11, 2025, 3:35 PM","","Chest Press (Machine)",,"",0,"normal",18,12,,,
"Séance pecs biceps","Sep 11, 2025, 2:03 PM","Sep 11, 2025, 3:35 PM","","Chest Press (Machine)",,"",1,"normal",25,12,,,
"Séance pecs biceps","Sep 11, 2025, 2:03 PM","Sep 11, 2025, 3:35 PM","","Chest Press (Machine)",,"",2,"normal",25,12,,,
"Séance pecs biceps","Sep 11, 2025, 2:03 PM","Sep 11, 2025, 3:35 PM","","Low Cable Fly Crossovers",,"",0,"normal",2.3,10,,,
"Séance pecs biceps","Sep 11, 2025, 2:03 PM","Sep 11, 2025, 3:35 PM","","Low Cable Fly Crossovers",,"",1,"normal",2.3,10,,,
"Séance pecs biceps","Sep 11, 2025, 2:03 PM","Sep 11, 2025, 3:35 PM","","Low Cable Fly Crossovers",,"",2,"normal",2.3,10,,,
"Séance pecs biceps","Sep 11, 2025, 2:03 PM","Sep 11, 2025, 3:35 PM","","Low Cable Fly Crossovers",,"",3,"normal",2.3,10,,,
"Séance pecs biceps","Sep 11, 2025, 2:03 PM","Sep 11, 2025, 3:35 PM","","Bench Press (Smith Machine)",,"",0,"normal",11.3,12,,,
"Séance pecs biceps","Sep 11, 2025, 2:03 PM","Sep 11, 2025, 3:35 PM","","Bench Press (Smith Machine)",,"",1,"normal",21.3,12,,,
"Séance pecs biceps","Sep 11, 2025, 2:03 PM","Sep 11, 2025, 3:35 PM","","Bench Press (Smith Machine)",,"",2,"normal",31.3,10,,,
"Séance pecs biceps","Sep 6, 2025, 2:31 PM","Sep 6, 2025, 3:44 PM","","EZ Bar Biceps Curl",,"",0,"normal",10,15,,,
"Séance pecs biceps","Sep 6, 2025, 2:31 PM","Sep 6, 2025, 3:44 PM","","EZ Bar Biceps Curl",,"",1,"normal",10,15,,,
"Séance pecs biceps","Sep 6, 2025, 2:31 PM","Sep 6, 2025, 3:44 PM","","EZ Bar Biceps Curl",,"",2,"normal",15,12,,,
"Séance pecs biceps","Sep 6, 2025, 2:31 PM","Sep 6, 2025, 3:44 PM","","EZ Bar Biceps Curl",,"",3,"normal",15,12,,,
"Séance pecs biceps","Sep 6, 2025, 2:31 PM","Sep 6, 2025, 3:44 PM","","Bench Press (Dumbbell)",,"Augmznte la prochaine fois",0,"normal",10,12,,,
"Séance pecs biceps","Sep 6, 2025, 2:31 PM","Sep 6, 2025, 3:44 PM","","Bench Press (Dumbbell)",,"Augmznte la prochaine fois",1,"normal",12,12,,,
"Séance pecs biceps","Sep 6, 2025, 2:31 PM","Sep 6, 2025, 3:44 PM","","Bench Press (Dumbbell)",,"Augmznte la prochaine fois",2,"normal",12,13,,,
"Séance pecs biceps","Sep 6, 2025, 2:31 PM","Sep 6, 2025, 3:44 PM","","Hammer Curl (Dumbbell)",,"",0,"normal",16,10,,,
"Séance pecs biceps","Sep 6, 2025, 2:31 PM","Sep 6, 2025, 3:44 PM","","Hammer Curl (Dumbbell)",,"",1,"normal",16,10,,,
"Séance pecs biceps","Sep 6, 2025, 2:31 PM","Sep 6, 2025, 3:44 PM","","Hammer Curl (Dumbbell)",,"",2,"normal",20,8,,,
"Séance pecs biceps","Sep 6, 2025, 2:31 PM","Sep 6, 2025, 3:44 PM","","Hammer Curl (Dumbbell)",,"",3,"normal",20,8,,,
"Séance pecs biceps","Sep 6, 2025, 2:31 PM","Sep 6, 2025, 3:44 PM","","Butterfly (Pec Deck)",,"",0,"normal",32,12,,,
"Séance pecs biceps","Sep 6, 2025, 2:31 PM","Sep 6, 2025, 3:44 PM","","Butterfly (Pec Deck)",,"",1,"normal",45,12,,,
"Séance pecs biceps","Sep 6, 2025, 2:31 PM","Sep 6, 2025, 3:44 PM","","Butterfly (Pec Deck)",,"",2,"normal",52,12,,,
"Séance pecs biceps","Sep 6, 2025, 2:31 PM","Sep 6, 2025, 3:44 PM","","Preacher Curl (Machine)",,"",0,"normal",9,12,,,
"Séance pecs biceps","Sep 6, 2025, 2:31 PM","Sep 6, 2025, 3:44 PM","","Preacher Curl (Machine)",,"",1,"normal",11,12,,,
"Séance pecs biceps","Sep 6, 2025, 2:31 PM","Sep 6, 2025, 3:44 PM","","Preacher Curl (Machine)",,"",2,"normal",11,12,,,
"Séance pecs biceps","Sep 6, 2025, 2:31 PM","Sep 6, 2025, 3:44 PM","","Chest Press (Machine)",,"",0,"normal",18,12,,,
"Séance pecs biceps","Sep 6, 2025, 2:31 PM","Sep 6, 2025, 3:44 PM","","Chest Press (Machine)",,"",1,"normal",20,12,,,
"Séance pecs biceps","Sep 6, 2025, 2:31 PM","Sep 6, 2025, 3:44 PM","","Chest Press (Machine)",,"",2,"normal",25,12,,,
"Séance pecs biceps","Sep 6, 2025, 2:31 PM","Sep 6, 2025, 3:44 PM","","Bench Press (Barbell)",,"",0,"normal",20,12,,,
"Séance pecs biceps","Sep 6, 2025, 2:31 PM","Sep 6, 2025, 3:44 PM","","Bench Press (Barbell)",,"",1,"normal",30,12,,,
"Séance pecs biceps","Sep 6, 2025, 2:31 PM","Sep 6, 2025, 3:44 PM","","Bench Press (Barbell)",,"",2,"normal",30,10,,,
"Séance pecs biceps","Sep 6, 2025, 2:31 PM","Sep 6, 2025, 3:44 PM","","Low Cable Fly Crossovers",,"Un bras stp",0,"normal",2.3,10,,,
"Séance pecs biceps","Sep 6, 2025, 2:31 PM","Sep 6, 2025, 3:44 PM","","Low Cable Fly Crossovers",,"Un bras stp",1,"normal",2.3,10,,,
"Séance pecs biceps","Sep 6, 2025, 2:31 PM","Sep 6, 2025, 3:44 PM","","Low Cable Fly Crossovers",,"Un bras stp",2,"normal",2.3,10,,,
"Séance pecs biceps","Sep 6, 2025, 2:31 PM","Sep 6, 2025, 3:44 PM","","Low Cable Fly Crossovers",,"Un bras stp",3,"normal",2.3,10,,,
"Séance dos triceps","Aug 15, 2025, 10:54 AM","Aug 15, 2025, 11:41 AM","","Lat Pulldown (Cable)",,"",0,"normal",41.3,12,,,
"Séance dos triceps","Aug 15, 2025, 10:54 AM","Aug 15, 2025, 11:41 AM","","Lat Pulldown (Cable)",,"",1,"normal",41.3,12,,,
"Séance dos triceps","Aug 15, 2025, 10:54 AM","Aug 15, 2025, 11:41 AM","","Lat Pulldown (Cable)",,"",2,"normal",39,12,,,
"Séance dos triceps","Aug 15, 2025, 10:54 AM","Aug 15, 2025, 11:41 AM","","Lat Pulldown (Cable)",,"",3,"normal",39,9,,,
"Séance dos triceps","Aug 15, 2025, 10:54 AM","Aug 15, 2025, 11:41 AM","","Seated Cable Row - V Grip (Cable)",,"",0,"normal",25,12,,,
"Séance dos triceps","Aug 15, 2025, 10:54 AM","Aug 15, 2025, 11:41 AM","","Seated Cable Row - V Grip (Cable)",,"",1,"normal",25,12,,,
"Séance dos triceps","Aug 15, 2025, 10:54 AM","Aug 15, 2025, 11:41 AM","","Seated Cable Row - V Grip (Cable)",,"",2,"normal",32,10,,,
"Séance dos triceps","Aug 15, 2025, 10:54 AM","Aug 15, 2025, 11:41 AM","","Single Arm Triceps Pushdown (Cable)",,"",0,"normal",4.5,10,,,
"Séance dos triceps","Aug 15, 2025, 10:54 AM","Aug 15, 2025, 11:41 AM","","Single Arm Triceps Pushdown (Cable)",,"",1,"normal",4.5,10,,,
"Séance dos triceps","Aug 15, 2025, 10:54 AM","Aug 15, 2025, 11:41 AM","","Single Arm Triceps Pushdown (Cable)",,"",2,"normal",4.5,6,,,
"Séance dos triceps","Aug 15, 2025, 10:54 AM","Aug 15, 2025, 11:41 AM","","Single Arm Triceps Pushdown (Cable)",,"",3,"normal",4.5,6,,,
"Séance dos triceps","Aug 15, 2025, 10:54 AM","Aug 15, 2025, 11:41 AM","","Seated Dip Machine",,"",0,"normal",41,12,,,
"Séance dos triceps","Aug 15, 2025, 10:54 AM","Aug 15, 2025, 11:41 AM","","Seated Dip Machine",,"",1,"normal",45,12,,,
"Séance dos triceps","Aug 15, 2025, 10:54 AM","Aug 15, 2025, 11:41 AM","","Seated Dip Machine",,"",2,"normal",50,10,,,
"Séance dos triceps","Aug 15, 2025, 10:54 AM","Aug 15, 2025, 11:41 AM","","Single Arm Cable Row",,"Cest le diverging seated row belec",0,"normal",18,12,,,
"Séance dos triceps","Aug 15, 2025, 10:54 AM","Aug 15, 2025, 11:41 AM","","Single Arm Cable Row",,"Cest le diverging seated row belec",1,"normal",18,12,,,
"Séance dos triceps","Aug 15, 2025, 10:54 AM","Aug 15, 2025, 11:41 AM","","Single Arm Cable Row",,"Cest le diverging seated row belec",2,"normal",23,10,,,
"Séance dos triceps","Aug 15, 2025, 10:54 AM","Aug 15, 2025, 11:41 AM","","Single Arm Cable Row",,"Cest le diverging seated row belec",3,"normal",23,10,,,
"Séance dos triceps","Aug 15, 2025, 10:54 AM","Aug 15, 2025, 11:41 AM","","Triceps Rope Pushdown",,"Moov bizarre",0,"normal",13.5,10,,,
"Séance dos triceps","Aug 15, 2025, 10:54 AM","Aug 15, 2025, 11:41 AM","","Triceps Rope Pushdown",,"Moov bizarre",1,"normal",13.5,10,,,
"Séance dos triceps","Aug 15, 2025, 10:54 AM","Aug 15, 2025, 11:41 AM","","Triceps Rope Pushdown",,"Moov bizarre",2,"normal",11.5,10,,,
"Séance pecs biceps","Jun 14, 2024, 4:26 PM","Jun 14, 2024, 5:15 PM","","Incline Bench Press (Barbell)",,"",0,"normal",,12,,,
"Séance pecs biceps","Jun 14, 2024, 4:26 PM","Jun 14, 2024, 5:15 PM","","Incline Bench Press (Barbell)",,"",1,"normal",20,12,,,
"Séance pecs biceps","Jun 14, 2024, 4:26 PM","Jun 14, 2024, 5:15 PM","","Incline Bench Press (Barbell)",,"",2,"normal",40,12,,,
"Séance pecs biceps","Jun 14, 2024, 4:26 PM","Jun 14, 2024, 5:15 PM","","EZ Bar Biceps Curl",,"",0,"normal",20,12,,,
"Séance pecs biceps","Jun 14, 2024, 4:26 PM","Jun 14, 2024, 5:15 PM","","EZ Bar Biceps Curl",,"",1,"normal",20,12,,,
"Séance pecs biceps","Jun 14, 2024, 4:26 PM","Jun 14, 2024, 5:15 PM","","EZ Bar Biceps Curl",,"",2,"normal",20,12,,,
"Séance pecs biceps","Jun 14, 2024, 4:26 PM","Jun 14, 2024, 5:15 PM","","Bench Press (Dumbbell)",,"",0,"normal",10,12,,,
"Séance pecs biceps","Jun 14, 2024, 4:26 PM","Jun 14, 2024, 5:15 PM","","Bench Press (Dumbbell)",,"",1,"normal",12,12,,,
"Séance pecs biceps","Jun 14, 2024, 4:26 PM","Jun 14, 2024, 5:15 PM","","Bench Press (Dumbbell)",,"",2,"normal",12,12,,,
"Séance pecs biceps","Jun 14, 2024, 4:26 PM","Jun 14, 2024, 5:15 PM","","Hammer Curl (Dumbbell)",,"",0,"normal",20,20,,,
"Séance pecs biceps","Jun 14, 2024, 4:26 PM","Jun 14, 2024, 5:15 PM","","Hammer Curl (Dumbbell)",,"",1,"normal",20,20,,,
"Séance pecs biceps","Jun 14, 2024, 4:26 PM","Jun 14, 2024, 5:15 PM","","Hammer Curl (Dumbbell)",,"",2,"normal",24,15,,,
"Séance pecs biceps","Jun 14, 2024, 4:26 PM","Jun 14, 2024, 5:15 PM","","Butterfly (Pec Deck)",,"",0,"normal",39,12,,,
"Séance pecs biceps","Jun 14, 2024, 4:26 PM","Jun 14, 2024, 5:15 PM","","Butterfly (Pec Deck)",,"",1,"normal",45,12,,,
"Séance pecs biceps","Jun 14, 2024, 4:26 PM","Jun 14, 2024, 5:15 PM","","Butterfly (Pec Deck)",,"",2,"normal",52,12,,,
"Séance pecs biceps","Jun 14, 2024, 4:26 PM","Jun 14, 2024, 5:15 PM","","Chest Press (Machine)",,"",0,"normal",40,12,,,
"Séance pecs biceps","Jun 14, 2024, 4:26 PM","Jun 14, 2024, 5:15 PM","","Chest Press (Machine)",,"",1,"normal",50,12,,,
"Séance dos triceps","Jun 12, 2024, 3:06 PM","Jun 12, 2024, 4:23 PM","","Pull Up",,"Teste en debut de seance pour voir la différence",0,"normal",,5,,,
"Séance dos triceps","Jun 12, 2024, 3:06 PM","Jun 12, 2024, 4:23 PM","","Pull Up",,"Teste en debut de seance pour voir la différence",1,"normal",,4,,,
"Séance dos triceps","Jun 12, 2024, 3:06 PM","Jun 12, 2024, 4:23 PM","","Lat Pulldown (Cable)",,"",0,"normal",40,12,,,
"Séance dos triceps","Jun 12, 2024, 3:06 PM","Jun 12, 2024, 4:23 PM","","Lat Pulldown (Cable)",,"",1,"normal",50,12,,,
"Séance dos triceps","Jun 12, 2024, 3:06 PM","Jun 12, 2024, 4:23 PM","","Lat Pulldown (Cable)",,"",2,"normal",50,12,,,
"Séance dos triceps","Jun 12, 2024, 3:06 PM","Jun 12, 2024, 4:23 PM","","Seated Cable Row - V Grip (Cable)",,"",0,"normal",30,12,,,
"Séance dos triceps","Jun 12, 2024, 3:06 PM","Jun 12, 2024, 4:23 PM","","Seated Cable Row - V Grip (Cable)",,"",1,"normal",35,12,,,
"Séance dos triceps","Jun 12, 2024, 3:06 PM","Jun 12, 2024, 4:23 PM","","Seated Cable Row - V Grip (Cable)",,"",2,"normal",40,12,,,
"Séance dos triceps","Jun 12, 2024, 3:06 PM","Jun 12, 2024, 4:23 PM","","Single Arm Triceps Pushdown (Cable)",,"",0,"normal",10,12,,,
"Séance dos triceps","Jun 12, 2024, 3:06 PM","Jun 12, 2024, 4:23 PM","","Single Arm Triceps Pushdown (Cable)",,"",1,"normal",10,12,,,
"Séance dos triceps","Jun 12, 2024, 3:06 PM","Jun 12, 2024, 4:23 PM","","Single Arm Triceps Pushdown (Cable)",,"",2,"normal",10,12,,,
"Séance dos triceps","Jun 12, 2024, 3:06 PM","Jun 12, 2024, 4:23 PM","","Single Arm Triceps Pushdown (Cable)",,"",3,"normal",10,12,,,
"Séance dos triceps","Jun 12, 2024, 3:06 PM","Jun 12, 2024, 4:23 PM","","Triceps Pushdown",,"",0,"normal",25,12,,,
"Séance dos triceps","Jun 12, 2024, 3:06 PM","Jun 12, 2024, 4:23 PM","","Triceps Pushdown",,"",1,"normal",30,12,,,
"Séance dos triceps","Jun 12, 2024, 3:06 PM","Jun 12, 2024, 4:23 PM","","Triceps Pushdown",,"",2,"normal",30,12,,,
"Séance dos triceps","Jun 12, 2024, 3:06 PM","Jun 12, 2024, 4:23 PM","","Seated Dip Machine",,"",0,"normal",70,12,,,
"Séance dos triceps","Jun 12, 2024, 3:06 PM","Jun 12, 2024, 4:23 PM","","Seated Dip Machine",,"",1,"normal",85,12,,,
"Séance dos triceps","Jun 12, 2024, 3:06 PM","Jun 12, 2024, 4:23 PM","","Seated Dip Machine",,"",2,"normal",80,6,,,
"Séance dos triceps","Jun 12, 2024, 3:06 PM","Jun 12, 2024, 4:23 PM","","Single Arm Cable Row",,"",0,"normal",15,12,,,
"Séance dos triceps","Jun 12, 2024, 3:06 PM","Jun 12, 2024, 4:23 PM","","Single Arm Cable Row",,"",1,"normal",15,12,,,
"Séance dos triceps","Jun 12, 2024, 3:06 PM","Jun 12, 2024, 4:23 PM","","Single Arm Cable Row",,"",2,"normal",15,12,,,
"Séance dos triceps","Jun 12, 2024, 3:06 PM","Jun 12, 2024, 4:23 PM","","Single Arm Cable Row",,"",3,"normal",15,12,,,
"Séance dos triceps","Jun 12, 2024, 3:06 PM","Jun 12, 2024, 4:23 PM","","Triceps Rope Pushdown",,"",0,"normal",20,12,,,
"Séance dos triceps","Jun 12, 2024, 3:06 PM","Jun 12, 2024, 4:23 PM","","Triceps Rope Pushdown",,"",1,"normal",20,10,,,
"Séance pecs biceps","Jun 10, 2024, 2:19 PM","Jun 10, 2024, 3:40 PM","","Incline Bench Press (Barbell)",,"",0,"normal",,12,,,
"Séance pecs biceps","Jun 10, 2024, 2:19 PM","Jun 10, 2024, 3:40 PM","","Incline Bench Press (Barbell)",,"",1,"normal",20,12,,,
"Séance pecs biceps","Jun 10, 2024, 2:19 PM","Jun 10, 2024, 3:40 PM","","Incline Bench Press (Barbell)",,"",2,"normal",30,12,,,
"Séance pecs biceps","Jun 10, 2024, 2:19 PM","Jun 10, 2024, 3:40 PM","","EZ Bar Biceps Curl",,"",0,"normal",20,12,,,
"Séance pecs biceps","Jun 10, 2024, 2:19 PM","Jun 10, 2024, 3:40 PM","","EZ Bar Biceps Curl",,"",1,"normal",20,12,,,
"Séance pecs biceps","Jun 10, 2024, 2:19 PM","Jun 10, 2024, 3:40 PM","","EZ Bar Biceps Curl",,"",2,"normal",25,9,,,
"Séance pecs biceps","Jun 10, 2024, 2:19 PM","Jun 10, 2024, 3:40 PM","","Bench Press (Dumbbell)",,"",0,"normal",10,12,,,
"Séance pecs biceps","Jun 10, 2024, 2:19 PM","Jun 10, 2024, 3:40 PM","","Bench Press (Dumbbell)",,"",1,"normal",12,12,,,
"Séance pecs biceps","Jun 10, 2024, 2:19 PM","Jun 10, 2024, 3:40 PM","","Bench Press (Dumbbell)",,"",2,"normal",12,12,,,
"Séance pecs biceps","Jun 10, 2024, 2:19 PM","Jun 10, 2024, 3:40 PM","","Hammer Curl (Dumbbell)",,"",0,"normal",20,20,,,
"Séance pecs biceps","Jun 10, 2024, 2:19 PM","Jun 10, 2024, 3:40 PM","","Hammer Curl (Dumbbell)",,"",1,"normal",20,20,,,
"Séance pecs biceps","Jun 10, 2024, 2:19 PM","Jun 10, 2024, 3:40 PM","","Hammer Curl (Dumbbell)",,"",2,"normal",24,19,,,
"Séance pecs biceps","Jun 10, 2024, 2:19 PM","Jun 10, 2024, 3:40 PM","","Butterfly (Pec Deck)",,"",0,"normal",39,12,,,
"Séance pecs biceps","Jun 10, 2024, 2:19 PM","Jun 10, 2024, 3:40 PM","","Butterfly (Pec Deck)",,"",1,"normal",45,12,,,
"Séance pecs biceps","Jun 10, 2024, 2:19 PM","Jun 10, 2024, 3:40 PM","","Butterfly (Pec Deck)",,"",2,"normal",52,10,,,
"Séance pecs biceps","Jun 10, 2024, 2:19 PM","Jun 10, 2024, 3:40 PM","","Preacher Curl (Machine)",,"",0,"normal",10,12,,,
"Séance pecs biceps","Jun 10, 2024, 2:19 PM","Jun 10, 2024, 3:40 PM","","Preacher Curl (Machine)",,"",1,"normal",15,12,,,
"Séance pecs biceps","Jun 10, 2024, 2:19 PM","Jun 10, 2024, 3:40 PM","","Preacher Curl (Machine)",,"",2,"normal",15,12,,,
"Séance pecs biceps","Jun 5, 2024, 3:51 PM","Jun 5, 2024, 4:53 PM","","Incline Bench Press (Barbell)",,"",0,"normal",,12,,,
"Séance pecs biceps","Jun 5, 2024, 3:51 PM","Jun 5, 2024, 4:53 PM","","Incline Bench Press (Barbell)",,"",1,"normal",20,12,,,
"Séance pecs biceps","Jun 5, 2024, 3:51 PM","Jun 5, 2024, 4:53 PM","","Incline Bench Press (Barbell)",,"",2,"normal",30,12,,,
"Séance pecs biceps","Jun 5, 2024, 3:51 PM","Jun 5, 2024, 4:53 PM","","EZ Bar Biceps Curl",,"",0,"normal",10,12,,,
"Séance pecs biceps","Jun 5, 2024, 3:51 PM","Jun 5, 2024, 4:53 PM","","EZ Bar Biceps Curl",,"",1,"normal",30,12,,,
"Séance pecs biceps","Jun 5, 2024, 3:51 PM","Jun 5, 2024, 4:53 PM","","EZ Bar Biceps Curl",,"",2,"normal",30,12,,,
"Séance pecs biceps","Jun 5, 2024, 3:51 PM","Jun 5, 2024, 4:53 PM","","EZ Bar Biceps Curl",,"",3,"normal",30,12,,,
"Séance pecs biceps","Jun 5, 2024, 3:51 PM","Jun 5, 2024, 4:53 PM","","Butterfly (Pec Deck)",,"",0,"normal",39,12,,,
"Séance pecs biceps","Jun 5, 2024, 3:51 PM","Jun 5, 2024, 4:53 PM","","Butterfly (Pec Deck)",,"",1,"normal",39,12,,,
"Séance pecs biceps","Jun 5, 2024, 3:51 PM","Jun 5, 2024, 4:53 PM","","Butterfly (Pec Deck)",,"",2,"normal",45,12,,,
"Séance pecs biceps","Jun 5, 2024, 3:51 PM","Jun 5, 2024, 4:53 PM","","Chest Press (Machine)",,"",0,"normal",40,13,,,
"Séance pecs biceps","Jun 5, 2024, 3:51 PM","Jun 5, 2024, 4:53 PM","","Chest Press (Machine)",,"",1,"normal",45,12,,,
"Séance pecs biceps","Jun 5, 2024, 3:51 PM","Jun 5, 2024, 4:53 PM","","Chest Press (Machine)",,"",2,"normal",50,7,,,
"Séance pecs biceps","Jun 5, 2024, 3:51 PM","Jun 5, 2024, 4:53 PM","","Seated Incline Curl (Dumbbell)",,"",0,"normal",6,24,,,
"Séance pecs biceps","Jun 5, 2024, 3:51 PM","Jun 5, 2024, 4:53 PM","","Seated Incline Curl (Dumbbell)",,"",1,"normal",6,24,,,
"Séance pecs biceps","Jun 5, 2024, 3:51 PM","Jun 5, 2024, 4:53 PM","","Seated Incline Curl (Dumbbell)",,"",2,"normal",6,16,,,
"Séance pecs biceps","Jun 5, 2024, 3:51 PM","Jun 5, 2024, 4:53 PM","","Preacher Curl (Machine)",,"",0,"normal",10,12,,,
"Séance pecs biceps","Jun 5, 2024, 3:51 PM","Jun 5, 2024, 4:53 PM","","Preacher Curl (Machine)",,"",1,"normal",15,12,,,
"Séance pecs biceps","Jun 5, 2024, 3:51 PM","Jun 5, 2024, 4:53 PM","","Preacher Curl (Machine)",,"",2,"normal",20,7,,,
"Séance pecs biceps","Jun 5, 2024, 3:51 PM","Jun 5, 2024, 4:53 PM","","Single Leg Standing Calf Raise (Barbell)",,"Une seule jambe",0,"normal",10,10,,,
"Séance pecs biceps","Jun 5, 2024, 3:51 PM","Jun 5, 2024, 4:53 PM","","Single Leg Standing Calf Raise (Barbell)",,"Une seule jambe",1,"normal",10,7,,,
"Séance pecs biceps","Jun 5, 2024, 3:51 PM","Jun 5, 2024, 4:53 PM","","Single Leg Standing Calf Raise (Barbell)",,"Une seule jambe",2,"normal",10,10,,,
"Séance pecs biceps","Jun 5, 2024, 3:51 PM","Jun 5, 2024, 4:53 PM","","Single Leg Standing Calf Raise (Barbell)",,"Une seule jambe",3,"normal",10,7,,,
"Séance dos triceps","Jun 3, 2024, 3:22 PM","Jun 3, 2024, 4:13 PM","","Lat Pulldown (Cable)",,"",0,"normal",40,12,,,
"Séance dos triceps","Jun 3, 2024, 3:22 PM","Jun 3, 2024, 4:13 PM","","Lat Pulldown (Cable)",,"",1,"normal",45,12,,,
"Séance dos triceps","Jun 3, 2024, 3:22 PM","Jun 3, 2024, 4:13 PM","","Lat Pulldown (Cable)",,"",2,"normal",55,8,,,
"Séance dos triceps","Jun 3, 2024, 3:22 PM","Jun 3, 2024, 4:13 PM","","Seated Cable Row - V Grip (Cable)",,"",0,"normal",30,12,,,
"Séance dos triceps","Jun 3, 2024, 3:22 PM","Jun 3, 2024, 4:13 PM","","Seated Cable Row - V Grip (Cable)",,"",1,"normal",35,12,,,
"Séance dos triceps","Jun 3, 2024, 3:22 PM","Jun 3, 2024, 4:13 PM","","Seated Cable Row - V Grip (Cable)",,"",2,"normal",35,12,,,
"Séance dos triceps","Jun 3, 2024, 3:22 PM","Jun 3, 2024, 4:13 PM","","Single Arm Triceps Pushdown (Cable)",,"",0,"normal",10,12,,,
"Séance dos triceps","Jun 3, 2024, 3:22 PM","Jun 3, 2024, 4:13 PM","","Single Arm Triceps Pushdown (Cable)",,"",1,"normal",10,12,,,
"Séance dos triceps","Jun 3, 2024, 3:22 PM","Jun 3, 2024, 4:13 PM","","Single Arm Triceps Pushdown (Cable)",,"",2,"normal",10,12,,,
"Séance dos triceps","Jun 3, 2024, 3:22 PM","Jun 3, 2024, 4:13 PM","","Single Arm Triceps Pushdown (Cable)",,"",3,"normal",10,12,,,
"Séance dos triceps","Jun 3, 2024, 3:22 PM","Jun 3, 2024, 4:13 PM","","Triceps Pushdown",,"",0,"normal",25,16,,,
"Séance dos triceps","Jun 3, 2024, 3:22 PM","Jun 3, 2024, 4:13 PM","","Triceps Pushdown",,"",1,"normal",30,12,,,
"Séance dos triceps","Jun 3, 2024, 3:22 PM","Jun 3, 2024, 4:13 PM","","Triceps Pushdown",,"",2,"normal",30,12,,,
"Séance dos triceps","Jun 3, 2024, 3:22 PM","Jun 3, 2024, 4:13 PM","","Seated Dip Machine",,"",2,"normal",80,4,,,
"Séance dos triceps","Jun 3, 2024, 3:22 PM","Jun 3, 2024, 4:13 PM","","Triceps Extension (Barbell)",,"",0,"normal",5,12,,,
"Séance dos triceps","Jun 3, 2024, 3:22 PM","Jun 3, 2024, 4:13 PM","","Triceps Extension (Barbell)",,"",1,"normal",5,12,,,
"Séance dos triceps","Jun 3, 2024, 3:22 PM","Jun 3, 2024, 4:13 PM","","Triceps Extension (Barbell)",,"",2,"normal",10,15,,,
"Séance dos triceps","Jun 3, 2024, 3:22 PM","Jun 3, 2024, 4:13 PM","","Triceps Rope Pushdown",,"",0,"normal",20,12,,,
"Séance dos triceps","Jun 3, 2024, 3:22 PM","Jun 3, 2024, 4:13 PM","","Triceps Rope Pushdown",,"",1,"normal",20,12,,,
"Séance dos triceps","May 23, 2024, 10:35 AM","May 23, 2024, 11:54 AM","","Lat Pulldown (Cable)",,"",0,"normal",35,12,,,
"Séance dos triceps","May 23, 2024, 10:35 AM","May 23, 2024, 11:54 AM","","Lat Pulldown (Cable)",,"",1,"normal",45,12,,,
"Séance dos triceps","May 23, 2024, 10:35 AM","May 23, 2024, 11:54 AM","","Lat Pulldown (Cable)",,"",2,"normal",50,12,,,
"Séance dos triceps","May 23, 2024, 10:35 AM","May 23, 2024, 11:54 AM","","Seated Cable Row - V Grip (Cable)",,"Reste en V stppp Quentin",0,"normal",30,12,,,
"Séance dos triceps","May 23, 2024, 10:35 AM","May 23, 2024, 11:54 AM","","Seated Cable Row - V Grip (Cable)",,"Reste en V stppp Quentin",1,"normal",35,12,,,
"Séance dos triceps","May 23, 2024, 10:35 AM","May 23, 2024, 11:54 AM","","Seated Cable Row - V Grip (Cable)",,"Reste en V stppp Quentin",2,"normal",35,12,,,
"Séance dos triceps","May 23, 2024, 10:35 AM","May 23, 2024, 11:54 AM","","Single Arm Triceps Pushdown (Cable)",,"",0,"normal",10,8,,,
"Séance dos triceps","May 23, 2024, 10:35 AM","May 23, 2024, 11:54 AM","","Single Arm Triceps Pushdown (Cable)",,"",1,"normal",10,10,,,
"Séance dos triceps","May 23, 2024, 10:35 AM","May 23, 2024, 11:54 AM","","Single Arm Triceps Pushdown (Cable)",,"",2,"normal",10,8,,,
"Séance dos triceps","May 23, 2024, 10:35 AM","May 23, 2024, 11:54 AM","","Single Arm Triceps Pushdown (Cable)",,"",3,"normal",10,12,,,
"Séance dos triceps","May 23, 2024, 10:35 AM","May 23, 2024, 11:54 AM","","Triceps Pushdown",,"",0,"normal",25,15,,,
"Séance dos triceps","May 23, 2024, 10:35 AM","May 23, 2024, 11:54 AM","","Triceps Pushdown",,"",1,"normal",30,12,,,
"Séance dos triceps","May 23, 2024, 10:35 AM","May 23, 2024, 11:54 AM","","Triceps Pushdown",,"",2,"normal",35,12,,,
"Séance dos triceps","May 23, 2024, 10:35 AM","May 23, 2024, 11:54 AM","","Seated Dip Machine",,"",0,"normal",70,12,,,
"Séance dos triceps","May 23, 2024, 10:35 AM","May 23, 2024, 11:54 AM","","Seated Dip Machine",,"",1,"normal",80,12,,,
"Séance dos triceps","May 23, 2024, 10:35 AM","May 23, 2024, 11:54 AM","","Seated Dip Machine",,"",2,"normal",80,4,,,
"Séance dos triceps","May 23, 2024, 10:35 AM","May 23, 2024, 11:54 AM","","Triceps Extension (Barbell)",,"",0,"normal",10,12,,,
"Séance dos triceps","May 23, 2024, 10:35 AM","May 23, 2024, 11:54 AM","","Triceps Extension (Barbell)",,"",1,"normal",10,11,,,
"Séance dos triceps","May 23, 2024, 10:35 AM","May 23, 2024, 11:54 AM","","Triceps Extension (Barbell)",,"",2,"normal",5,15,,,
"Séance dos triceps","May 23, 2024, 10:35 AM","May 23, 2024, 11:54 AM","","Pull Up (Assisted)",,"",0,"normal",36,5,,,
"Séance dos triceps","May 23, 2024, 10:35 AM","May 23, 2024, 11:54 AM","","Pull Up (Assisted)",,"",1,"normal",41,5,,,
"Séance pecs biceps","May 17, 2024, 4:06 PM","May 17, 2024, 4:51 PM","","Bench Press (Barbell)",,"",0,"normal",20,14,,,
"Séance pecs biceps","May 17, 2024, 4:06 PM","May 17, 2024, 4:51 PM","","Bench Press (Barbell)",,"",1,"normal",30,12,,,
"Séance pecs biceps","May 17, 2024, 4:06 PM","May 17, 2024, 4:51 PM","","Bench Press (Barbell)",,"",2,"normal",30,12,,,
"Séance pecs biceps","May 17, 2024, 4:06 PM","May 17, 2024, 4:51 PM","","Seated Incline Curl (Dumbbell)",,"",0,"normal",8,20,,,
"Séance pecs biceps","May 17, 2024, 4:06 PM","May 17, 2024, 4:51 PM","","Seated Incline Curl (Dumbbell)",,"",1,"normal",8,20,,,
"Séance pecs biceps","May 17, 2024, 4:06 PM","May 17, 2024, 4:51 PM","","Seated Incline Curl (Dumbbell)",,"",2,"normal",8,14,,,
"Séance pecs biceps","May 17, 2024, 4:06 PM","May 17, 2024, 4:51 PM","","Single Arm Curl (Cable)",,"",0,"normal",10,12,,,
"Séance pecs biceps","May 17, 2024, 4:06 PM","May 17, 2024, 4:51 PM","","Single Arm Curl (Cable)",,"",1,"normal",10,12,,,
"Séance pecs biceps","May 17, 2024, 4:06 PM","May 17, 2024, 4:51 PM","","Single Arm Curl (Cable)",,"",2,"normal",10,12,,,
"Séance pecs biceps","May 17, 2024, 4:06 PM","May 17, 2024, 4:51 PM","","Single Arm Curl (Cable)",,"",3,"normal",10,12,,,
"Séance pecs biceps","May 17, 2024, 4:06 PM","May 17, 2024, 4:51 PM","","Butterfly (Pec Deck)",,"",0,"normal",39,12,,,
"Séance pecs biceps","May 17, 2024, 4:06 PM","May 17, 2024, 4:51 PM","","Butterfly (Pec Deck)",,"",1,"normal",39,10,,,
"Séance pecs biceps","May 17, 2024, 4:06 PM","May 17, 2024, 4:51 PM","","Butterfly (Pec Deck)",,"",2,"normal",39,12,,,
"Séance pecs biceps","May 17, 2024, 4:06 PM","May 17, 2024, 4:51 PM","","Chest Press (Machine)",,"",0,"normal",40,13,,,
"Séance pecs biceps","May 17, 2024, 4:06 PM","May 17, 2024, 4:51 PM","","Chest Press (Machine)",,"",1,"normal",45,12,,,
"Séance pecs biceps","May 17, 2024, 4:06 PM","May 17, 2024, 4:51 PM","","Chest Press (Machine)",,"",2,"normal",45,12,,,
"Séance pecs biceps","May 17, 2024, 4:06 PM","May 17, 2024, 4:51 PM","","Preacher Curl (Machine)",,"",0,"normal",10,12,,,
"Séance pecs biceps","May 17, 2024, 4:06 PM","May 17, 2024, 4:51 PM","","Preacher Curl (Machine)",,"",1,"normal",15,12,,,
"Séance pecs biceps","May 17, 2024, 4:06 PM","May 17, 2024, 4:51 PM","","Preacher Curl (Machine)",,"",2,"normal",15,12,,,
"Séance pecs biceps","May 17, 2024, 4:06 PM","May 17, 2024, 4:51 PM","","Seated Leg Curl (Machine)",,"",0,"normal",40,12,,,
"Séance pecs biceps","May 17, 2024, 4:06 PM","May 17, 2024, 4:51 PM","","Seated Leg Curl (Machine)",,"",1,"normal",40,12,,,
"Séance pecs biceps","May 17, 2024, 4:06 PM","May 17, 2024, 4:51 PM","","Seated Leg Curl (Machine)",,"",2,"normal",40,12,,,
"PYLO","May 15, 2024, 4:43 PM","May 15, 2024, 4:50 PM","","jump squat with weight",,"",0,"normal",10,6,,,
"PYLO","May 15, 2024, 4:43 PM","May 15, 2024, 4:50 PM","","jump squat with weight",,"",1,"normal",10,6,,,
"PYLO","May 15, 2024, 4:43 PM","May 15, 2024, 4:50 PM","","Box jump with weight",,"",0,"normal",10,4,,,
"PYLO","May 15, 2024, 4:43 PM","May 15, 2024, 4:50 PM","","Box jump with weight",,"",1,"normal",10,4,,,
"Séance dos triceps","May 15, 2024, 3:46 PM","May 15, 2024, 4:42 PM","","Lat Pulldown (Cable)",,"",0,"normal",35,12,,,
"Séance dos triceps","May 15, 2024, 3:46 PM","May 15, 2024, 4:42 PM","","Lat Pulldown (Cable)",,"",1,"normal",40,12,,,
"Séance dos triceps","May 15, 2024, 3:46 PM","May 15, 2024, 4:42 PM","","Lat Pulldown (Cable)",,"",2,"normal",45,12,,,
"Séance dos triceps","May 15, 2024, 3:46 PM","May 15, 2024, 4:42 PM","","Seated Cable Row - V Grip (Cable)",,"",0,"normal",30,12,,,
"Séance dos triceps","May 15, 2024, 3:46 PM","May 15, 2024, 4:42 PM","","Seated Cable Row - V Grip (Cable)",,"",1,"normal",35,12,,,
"Séance dos triceps","May 15, 2024, 3:46 PM","May 15, 2024, 4:42 PM","","Seated Cable Row - V Grip (Cable)",,"",2,"normal",35,12,,,
"Séance dos triceps","May 15, 2024, 3:46 PM","May 15, 2024, 4:42 PM","","Single Arm Cable Row",,"",0,"normal",27,10,,,
"Séance dos triceps","May 15, 2024, 3:46 PM","May 15, 2024, 4:42 PM","","Single Arm Cable Row",,"",1,"normal",27,12,,,
"Séance dos triceps","May 15, 2024, 3:46 PM","May 15, 2024, 4:42 PM","","Single Arm Cable Row",,"",2,"normal",27,12,,,
"Séance dos triceps","May 15, 2024, 3:46 PM","May 15, 2024, 4:42 PM","","Single Arm Cable Row",,"",3,"normal",27,13,,,
"Séance dos triceps","May 15, 2024, 3:46 PM","May 15, 2024, 4:42 PM","","Single Arm Triceps Pushdown (Cable)",,"",0,"normal",10,5,,,
"Séance dos triceps","May 15, 2024, 3:46 PM","May 15, 2024, 4:42 PM","","Single Arm Triceps Pushdown (Cable)",,"",1,"normal",10,5,,,
"Séance dos triceps","May 15, 2024, 3:46 PM","May 15, 2024, 4:42 PM","","Single Arm Triceps Pushdown (Cable)",,"",2,"normal",10,8,,,
"Séance dos triceps","May 15, 2024, 3:46 PM","May 15, 2024, 4:42 PM","","Single Arm Triceps Pushdown (Cable)",,"",3,"normal",10,5,,,
"Séance dos triceps","May 15, 2024, 3:46 PM","May 15, 2024, 4:42 PM","","Triceps Pushdown",,"",0,"normal",20,12,,,
"Séance dos triceps","May 15, 2024, 3:46 PM","May 15, 2024, 4:42 PM","","Triceps Pushdown",,"",1,"normal",20,10,,,
"Séance dos triceps","May 15, 2024, 3:46 PM","May 15, 2024, 4:42 PM","","Triceps Pushdown",,"",2,"normal",30,16,,,
"Séance dos triceps","May 15, 2024, 3:46 PM","May 15, 2024, 4:42 PM","","Seated Dip Machine",,"",0,"normal",60,12,,,
"Séance dos triceps","May 15, 2024, 3:46 PM","May 15, 2024, 4:42 PM","","Seated Dip Machine",,"",1,"normal",70,12,,,
"Séance dos triceps","May 15, 2024, 3:46 PM","May 15, 2024, 4:42 PM","","Seated Dip Machine",,"",2,"normal",75,12,,,
"Séance dos triceps","May 15, 2024, 3:46 PM","May 15, 2024, 4:42 PM","","Seated Dip Machine",,"",3,"normal",80,11,,,
"Séance dos triceps","May 15, 2024, 3:46 PM","May 15, 2024, 4:42 PM","","Triceps Extension (Barbell)",,"",0,"normal",5,10,,,
"Séance dos triceps","May 15, 2024, 3:46 PM","May 15, 2024, 4:42 PM","","Triceps Extension (Barbell)",,"",1,"normal",10,12,,,
"Séance dos triceps","May 15, 2024, 3:46 PM","May 15, 2024, 4:42 PM","","Triceps Extension (Barbell)",,"",2,"normal",10,12,,,
"Séance pecs biceps","May 10, 2024, 4:48 PM","May 10, 2024, 5:50 PM","","Bench Press (Barbell)",,"",0,"normal",20,12,,,
"Séance pecs biceps","May 10, 2024, 4:48 PM","May 10, 2024, 5:50 PM","","Bench Press (Barbell)",,"",1,"normal",30,12,,,
"Séance pecs biceps","May 10, 2024, 4:48 PM","May 10, 2024, 5:50 PM","","Bench Press (Barbell)",,"",2,"normal",30,12,,,
"Séance pecs biceps","May 10, 2024, 4:48 PM","May 10, 2024, 5:50 PM","","Bench Press (Barbell)",,"",3,"normal",30,12,,,
"Séance pecs biceps","May 10, 2024, 4:48 PM","May 10, 2024, 5:50 PM","","Seated Incline Curl (Dumbbell)",,"",0,"normal",8,20,,,
"Séance pecs biceps","May 10, 2024, 4:48 PM","May 10, 2024, 5:50 PM","","Seated Incline Curl (Dumbbell)",,"",1,"normal",8,20,,,
"Séance pecs biceps","May 10, 2024, 4:48 PM","May 10, 2024, 5:50 PM","","Seated Incline Curl (Dumbbell)",,"",2,"normal",8,12,,,
"Séance pecs biceps","May 10, 2024, 4:48 PM","May 10, 2024, 5:50 PM","","Single Arm Curl (Cable)",,"",0,"normal",10,12,,,
"Séance pecs biceps","May 10, 2024, 4:48 PM","May 10, 2024, 5:50 PM","","Single Arm Curl (Cable)",,"",1,"normal",10,12,,,
"Séance pecs biceps","May 10, 2024, 4:48 PM","May 10, 2024, 5:50 PM","","Single Arm Curl (Cable)",,"",2,"normal",10,12,,,
"Séance pecs biceps","May 10, 2024, 4:48 PM","May 10, 2024, 5:50 PM","","Single Arm Curl (Cable)",,"",3,"normal",10,12,,,
"Séance pecs biceps","May 10, 2024, 4:48 PM","May 10, 2024, 5:50 PM","","Butterfly (Pec Deck)",,"",0,"normal",39,12,,,
"Séance pecs biceps","May 10, 2024, 4:48 PM","May 10, 2024, 5:50 PM","","Butterfly (Pec Deck)",,"",1,"normal",45,12,,,
"Séance pecs biceps","May 10, 2024, 4:48 PM","May 10, 2024, 5:50 PM","","Butterfly (Pec Deck)",,"",2,"normal",45,12,,,
"Séance pecs biceps","May 10, 2024, 4:48 PM","May 10, 2024, 5:50 PM","","Chest Press (Machine)",,"",0,"normal",45,12,,,
"Séance pecs biceps","May 10, 2024, 4:48 PM","May 10, 2024, 5:50 PM","","Chest Press (Machine)",,"",1,"normal",45,11,,,
"Séance pecs biceps","May 10, 2024, 4:48 PM","May 10, 2024, 5:50 PM","","Chest Press (Machine)",,"",2,"normal",40,10,,,
"Séance pecs biceps","May 10, 2024, 4:48 PM","May 10, 2024, 5:50 PM","","Preacher Curl (Machine)",,"",0,"normal",10,13,,,
"Séance pecs biceps","May 10, 2024, 4:48 PM","May 10, 2024, 5:50 PM","","Preacher Curl (Machine)",,"",1,"normal",10,12,,,
"Séance pecs biceps","May 10, 2024, 4:48 PM","May 10, 2024, 5:50 PM","","Preacher Curl (Machine)",,"",2,"normal",15,9,,,
"Séance pecs biceps","May 10, 2024, 4:48 PM","May 10, 2024, 5:50 PM","","Seated Leg Curl (Machine)",,"",0,"normal",35,12,,,
"Séance pecs biceps","May 10, 2024, 4:48 PM","May 10, 2024, 5:50 PM","","Seated Leg Curl (Machine)",,"",1,"normal",35,12,,,
"Séance pecs biceps","May 10, 2024, 4:48 PM","May 10, 2024, 5:50 PM","","Seated Leg Curl (Machine)",,"",2,"normal",35,12,,,
"Séance pecs biceps","May 10, 2024, 4:48 PM","May 10, 2024, 5:50 PM","","Squat (Barbell)",,"",0,"normal",20,12,,,
"Séance pecs biceps","May 10, 2024, 4:48 PM","May 10, 2024, 5:50 PM","","Squat (Barbell)",,"",1,"normal",40,12,,,
"Séance pecs biceps","May 10, 2024, 4:48 PM","May 10, 2024, 5:50 PM","","Squat (Barbell)",,"",2,"normal",40,12,,,
"PYLO","May 6, 2024, 4:22 PM","May 6, 2024, 4:40 PM","","jump squat with weight",,"",0,"normal",10,6,,,
"PYLO","May 6, 2024, 4:22 PM","May 6, 2024, 4:40 PM","","jump squat with weight",,"",1,"normal",10,6,,,
"PYLO","May 6, 2024, 4:22 PM","May 6, 2024, 4:40 PM","","Box jump with weight",,"",0,"normal",10,4,,,
"PYLO","May 6, 2024, 4:22 PM","May 6, 2024, 4:40 PM","","Box jump with weight",,"",1,"normal",10,4,,,
"PYLO","May 6, 2024, 4:22 PM","May 6, 2024, 4:40 PM","","Leg Extension (Machine)",,"",0,"normal",30,12,,,
"PYLO","May 6, 2024, 4:22 PM","May 6, 2024, 4:40 PM","","Leg Extension (Machine)",,"",1,"normal",35,12,,,
"PYLO","May 6, 2024, 4:22 PM","May 6, 2024, 4:40 PM","","Leg Extension (Machine)",,"",2,"normal",40,12,,,
"Séance dos triceps","May 6, 2024, 3:28 PM","May 6, 2024, 4:19 PM","C'est ça de mal dormir ... en plus reprise cours et 1 mois d'arrêt ça pique les résultats","Lat Pulldown (Cable)",,"",0,"normal",35,12,,,
"Séance dos triceps","May 6, 2024, 3:28 PM","May 6, 2024, 4:19 PM","C'est ça de mal dormir ... en plus reprise cours et 1 mois d'arrêt ça pique les résultats","Lat Pulldown (Cable)",,"",1,"normal",40,12,,,
"Séance dos triceps","May 6, 2024, 3:28 PM","May 6, 2024, 4:19 PM","C'est ça de mal dormir ... en plus reprise cours et 1 mois d'arrêt ça pique les résultats","Lat Pulldown (Cable)",,"",2,"normal",45,12,,,
"Séance dos triceps","May 6, 2024, 3:28 PM","May 6, 2024, 4:19 PM","C'est ça de mal dormir ... en plus reprise cours et 1 mois d'arrêt ça pique les résultats","Seated Cable Row - V Grip (Cable)",,"",0,"normal",30,12,,,
"Séance dos triceps","May 6, 2024, 3:28 PM","May 6, 2024, 4:19 PM","C'est ça de mal dormir ... en plus reprise cours et 1 mois d'arrêt ça pique les résultats","Seated Cable Row - V Grip (Cable)",,"",1,"normal",30,12,,,
"Séance dos triceps","May 6, 2024, 3:28 PM","May 6, 2024, 4:19 PM","C'est ça de mal dormir ... en plus reprise cours et 1 mois d'arrêt ça pique les résultats","Seated Cable Row - V Grip (Cable)",,"",2,"normal",35,10,,,
"Séance dos triceps","May 6, 2024, 3:28 PM","May 6, 2024, 4:19 PM","C'est ça de mal dormir ... en plus reprise cours et 1 mois d'arrêt ça pique les résultats","Single Arm Triceps Pushdown (Cable)",,"",0,"normal",10,12,,,
"Séance dos triceps","May 6, 2024, 3:28 PM","May 6, 2024, 4:19 PM","C'est ça de mal dormir ... en plus reprise cours et 1 mois d'arrêt ça pique les résultats","Single Arm Triceps Pushdown (Cable)",,"",1,"normal",10,12,,,
"Séance dos triceps","May 6, 2024, 3:28 PM","May 6, 2024, 4:19 PM","C'est ça de mal dormir ... en plus reprise cours et 1 mois d'arrêt ça pique les résultats","Single Arm Triceps Pushdown (Cable)",,"",2,"normal",10,14,,,
"Séance dos triceps","May 6, 2024, 3:28 PM","May 6, 2024, 4:19 PM","C'est ça de mal dormir ... en plus reprise cours et 1 mois d'arrêt ça pique les résultats","Single Arm Triceps Pushdown (Cable)",,"",3,"normal",10,14,,,
"Séance dos triceps","May 6, 2024, 3:28 PM","May 6, 2024, 4:19 PM","C'est ça de mal dormir ... en plus reprise cours et 1 mois d'arrêt ça pique les résultats","Single Arm Triceps Pushdown (Cable)",,"",4,"normal",10,10,,,
"Séance dos triceps","May 6, 2024, 3:28 PM","May 6, 2024, 4:19 PM","C'est ça de mal dormir ... en plus reprise cours et 1 mois d'arrêt ça pique les résultats","Single Arm Triceps Pushdown (Cable)",,"",5,"normal",10,10,,,
"Séance dos triceps","May 6, 2024, 3:28 PM","May 6, 2024, 4:19 PM","C'est ça de mal dormir ... en plus reprise cours et 1 mois d'arrêt ça pique les résultats","Triceps Pushdown",,"",0,"normal",20,12,,,
"Séance dos triceps","May 6, 2024, 3:28 PM","May 6, 2024, 4:19 PM","C'est ça de mal dormir ... en plus reprise cours et 1 mois d'arrêt ça pique les résultats","Triceps Pushdown",,"",1,"normal",25,1,,,
"Séance dos triceps","May 6, 2024, 3:28 PM","May 6, 2024, 4:19 PM","C'est ça de mal dormir ... en plus reprise cours et 1 mois d'arrêt ça pique les résultats","Triceps Pushdown",,"",2,"normal",30,15,,,
"Séance dos triceps","May 6, 2024, 3:28 PM","May 6, 2024, 4:19 PM","C'est ça de mal dormir ... en plus reprise cours et 1 mois d'arrêt ça pique les résultats","Seated Dip Machine",,"",0,"normal",60,12,,,
"Séance dos triceps","May 6, 2024, 3:28 PM","May 6, 2024, 4:19 PM","C'est ça de mal dormir ... en plus reprise cours et 1 mois d'arrêt ça pique les résultats","Seated Dip Machine",,"",1,"normal",70,12,,,
"Séance dos triceps","May 6, 2024, 3:28 PM","May 6, 2024, 4:19 PM","C'est ça de mal dormir ... en plus reprise cours et 1 mois d'arrêt ça pique les résultats","Triceps Extension (Barbell)",,"",0,"normal",5,12,,,
"Séance dos triceps","May 6, 2024, 3:28 PM","May 6, 2024, 4:19 PM","C'est ça de mal dormir ... en plus reprise cours et 1 mois d'arrêt ça pique les résultats","Triceps Extension (Barbell)",,"",1,"normal",5,12,,,
"PYLO","Apr 8, 2024, 4:49 PM","Apr 8, 2024, 4:57 PM","","Dumbbell Step Up",,"",0,"normal",4,12,,,
"PYLO","Apr 8, 2024, 4:49 PM","Apr 8, 2024, 4:57 PM","","Dumbbell Step Up",,"",1,"normal",8,12,,,
"PYLO","Apr 8, 2024, 4:49 PM","Apr 8, 2024, 4:57 PM","","Dumbbell Step Up",,"",2,"normal",8,12,,,
"PYLO","Apr 8, 2024, 4:49 PM","Apr 8, 2024, 4:57 PM","","seated jump",,"",0,"normal",6,3,,,
"PYLO","Apr 8, 2024, 4:49 PM","Apr 8, 2024, 4:57 PM","","seated jump",,"",1,"normal",6,3,,,
"PYLO","Apr 8, 2024, 4:49 PM","Apr 8, 2024, 4:57 PM","","seated jump",,"",2,"normal",8,3,,,
"PYLO","Apr 8, 2024, 4:49 PM","Apr 8, 2024, 4:57 PM","","seated jump",,"",3,"normal",8,3,,,
"PYLO","Apr 8, 2024, 4:49 PM","Apr 8, 2024, 4:57 PM","","seated jump",,"",4,"normal",8,3,,,
"Séance pecs biceps","Apr 8, 2024, 4:06 PM","Apr 8, 2024, 4:49 PM","","Chest Press (Machine)",,"",0,"normal",40,15,,,
"Séance pecs biceps","Apr 8, 2024, 4:06 PM","Apr 8, 2024, 4:49 PM","","Chest Press (Machine)",,"",1,"normal",45,13,,,
"Séance pecs biceps","Apr 8, 2024, 4:06 PM","Apr 8, 2024, 4:49 PM","","Chest Press (Machine)",,"",2,"normal",50,15,,,
"Séance pecs biceps","Apr 8, 2024, 4:06 PM","Apr 8, 2024, 4:49 PM","","Cable Fly Crossovers",,"",0,"normal",20,12,,,
"Séance pecs biceps","Apr 8, 2024, 4:06 PM","Apr 8, 2024, 4:49 PM","","Cable Fly Crossovers",,"",1,"normal",20,12,,,
"Séance pecs biceps","Apr 8, 2024, 4:06 PM","Apr 8, 2024, 4:49 PM","","Cable Fly Crossovers",,"",2,"normal",20,10,,,
"Séance pecs biceps","Apr 8, 2024, 4:06 PM","Apr 8, 2024, 4:49 PM","","Seated Incline Curl (Dumbbell)",,"",0,"normal",8,20,,,
"Séance pecs biceps","Apr 8, 2024, 4:06 PM","Apr 8, 2024, 4:49 PM","","Seated Incline Curl (Dumbbell)",,"",1,"normal",8,17,,,
"Séance pecs biceps","Apr 8, 2024, 4:06 PM","Apr 8, 2024, 4:49 PM","","Seated Incline Curl (Dumbbell)",,"",2,"normal",8,11,,,
"Séance pecs biceps","Apr 8, 2024, 4:06 PM","Apr 8, 2024, 4:49 PM","","Incline Bench Press (Barbell)",,"",0,"normal",20,12,,,
"Séance pecs biceps","Apr 8, 2024, 4:06 PM","Apr 8, 2024, 4:49 PM","","Incline Bench Press (Barbell)",,"",1,"normal",20,12,,,
"Séance pecs biceps","Apr 8, 2024, 4:06 PM","Apr 8, 2024, 4:49 PM","","Incline Bench Press (Barbell)",,"",2,"normal",20,12,,,
"Séance pecs biceps","Apr 8, 2024, 4:06 PM","Apr 8, 2024, 4:49 PM","","Single Arm Curl (Cable)",,"",0,"normal",10,12,,,
"Séance pecs biceps","Apr 8, 2024, 4:06 PM","Apr 8, 2024, 4:49 PM","","Single Arm Curl (Cable)",,"",1,"normal",10,12,,,
"Séance pecs biceps","Apr 8, 2024, 4:06 PM","Apr 8, 2024, 4:49 PM","","Single Arm Curl (Cable)",,"",2,"normal",10,12,,,
"Séance pecs biceps","Apr 8, 2024, 4:06 PM","Apr 8, 2024, 4:49 PM","","Single Arm Curl (Cable)",,"",3,"normal",10,12,,,
"Séance pecs biceps","Apr 8, 2024, 4:06 PM","Apr 8, 2024, 4:49 PM","","Single Arm Curl (Cable)",,"",4,"normal",15,12,,,
"Séance pecs biceps","Apr 8, 2024, 4:06 PM","Apr 8, 2024, 4:49 PM","","Single Arm Curl (Cable)",,"",5,"normal",15,12,,,
"Séance pecs biceps","Apr 8, 2024, 4:06 PM","Apr 8, 2024, 4:49 PM","","Preacher Curl (Machine)",,"",0,"normal",10,12,,,
"Séance pecs biceps","Apr 8, 2024, 4:06 PM","Apr 8, 2024, 4:49 PM","","Preacher Curl (Machine)",,"",1,"normal",10,12,,,
"Séance pecs biceps","Apr 8, 2024, 4:06 PM","Apr 8, 2024, 4:49 PM","","Preacher Curl (Machine)",,"",2,"normal",15,10,,,
"PYLO","Apr 5, 2024, 4:51 PM","Apr 5, 2024, 5:11 PM","","Dumbbell Step Up",,"",0,"normal",4,12,,,
"PYLO","Apr 5, 2024, 4:51 PM","Apr 5, 2024, 5:11 PM","","Dumbbell Step Up",,"",1,"normal",8,12,,,
"PYLO","Apr 5, 2024, 4:51 PM","Apr 5, 2024, 5:11 PM","","Dumbbell Step Up",,"",2,"normal",8,12,,,
"PYLO","Apr 5, 2024, 4:51 PM","Apr 5, 2024, 5:11 PM","","seated jump",,"",0,"normal",6,3,,,
"PYLO","Apr 5, 2024, 4:51 PM","Apr 5, 2024, 5:11 PM","","seated jump",,"",1,"normal",6,3,,,
"PYLO","Apr 5, 2024, 4:51 PM","Apr 5, 2024, 5:11 PM","","seated jump",,"",2,"normal",8,3,,,
"PYLO","Apr 5, 2024, 4:51 PM","Apr 5, 2024, 5:11 PM","","seated jump",,"",3,"normal",8,3,,,
"PYLO","Apr 5, 2024, 4:51 PM","Apr 5, 2024, 5:11 PM","","seated jump",,"",4,"normal",8,3,,,
"PYLO","Apr 5, 2024, 4:51 PM","Apr 5, 2024, 5:11 PM","","saut depuis boite",,"",0,"normal",4,3,,,
"PYLO","Apr 5, 2024, 4:51 PM","Apr 5, 2024, 5:11 PM","","saut depuis boite",,"",1,"normal",4,3,,,
"PYLO","Apr 5, 2024, 4:51 PM","Apr 5, 2024, 5:11 PM","","saut depuis boite",,"",2,"normal",4,3,,,
"PYLO","Apr 5, 2024, 4:51 PM","Apr 5, 2024, 5:11 PM","","saut depuis boite",,"",3,"normal",6,3,,,
"PYLO","Apr 5, 2024, 4:51 PM","Apr 5, 2024, 5:11 PM","","saut depuis boite",,"",4,"normal",6,3,,,
"PYLO","Apr 5, 2024, 4:51 PM","Apr 5, 2024, 5:11 PM","","genous vers boite",,"",0,"normal",,3,,,
"PYLO","Apr 5, 2024, 4:51 PM","Apr 5, 2024, 5:11 PM","","genous vers boite",,"",1,"normal",,3,,,
"PYLO","Apr 5, 2024, 4:51 PM","Apr 5, 2024, 5:11 PM","","genous vers boite",,"",2,"normal",4,3,,,
"PYLO","Apr 5, 2024, 4:51 PM","Apr 5, 2024, 5:11 PM","","genous vers boite",,"",3,"normal",4,3,,,
"PYLO","Apr 5, 2024, 4:51 PM","Apr 5, 2024, 5:11 PM","","genous vers boite",,"",4,"normal",6,3,,,
"PYLO","Apr 5, 2024, 4:51 PM","Apr 5, 2024, 5:11 PM","","genous vers boite",,"",5,"normal",6,3,,,
"Séance pecs biceps","Apr 5, 2024, 4:04 PM","Apr 5, 2024, 4:40 PM","Trop la flemme jsuis endormi jvais faire 20min de velo c'est bon ...","Chest Press (Machine)",,"",0,"normal",40,12,,,
"Séance pecs biceps","Apr 5, 2024, 4:04 PM","Apr 5, 2024, 4:40 PM","Trop la flemme jsuis endormi jvais faire 20min de velo c'est bon ...","Chest Press (Machine)",,"",1,"normal",45,12,,,
"Séance pecs biceps","Apr 5, 2024, 4:04 PM","Apr 5, 2024, 4:40 PM","Trop la flemme jsuis endormi jvais faire 20min de velo c'est bon ...","Chest Press (Machine)",,"",2,"normal",50,14,,,
"Séance pecs biceps","Apr 5, 2024, 4:04 PM","Apr 5, 2024, 4:40 PM","Trop la flemme jsuis endormi jvais faire 20min de velo c'est bon ...","Cable Fly Crossovers",,"",0,"normal",20,12,,,
"Séance pecs biceps","Apr 5, 2024, 4:04 PM","Apr 5, 2024, 4:40 PM","Trop la flemme jsuis endormi jvais faire 20min de velo c'est bon ...","Cable Fly Crossovers",,"",1,"normal",30,12,,,
"Séance pecs biceps","Apr 5, 2024, 4:04 PM","Apr 5, 2024, 4:40 PM","Trop la flemme jsuis endormi jvais faire 20min de velo c'est bon ...","Cable Fly Crossovers",,"",2,"normal",30,12,,,
"Séance pecs biceps","Apr 5, 2024, 4:04 PM","Apr 5, 2024, 4:40 PM","Trop la flemme jsuis endormi jvais faire 20min de velo c'est bon ...","Butterfly (Pec Deck)",,"",0,"normal",39,13,,,
"Séance pecs biceps","Apr 5, 2024, 4:04 PM","Apr 5, 2024, 4:40 PM","Trop la flemme jsuis endormi jvais faire 20min de velo c'est bon ...","Butterfly (Pec Deck)",,"",1,"normal",39,12,,,
"Séance pecs biceps","Apr 5, 2024, 4:04 PM","Apr 5, 2024, 4:40 PM","Trop la flemme jsuis endormi jvais faire 20min de velo c'est bon ...","Butterfly (Pec Deck)",,"",2,"normal",45,13,,,
"Séance pecs biceps","Apr 5, 2024, 4:04 PM","Apr 5, 2024, 4:40 PM","Trop la flemme jsuis endormi jvais faire 20min de velo c'est bon ...","Single Arm Curl (Cable)",,"",0,"normal",10,12,,,
"Séance pecs biceps","Apr 5, 2024, 4:04 PM","Apr 5, 2024, 4:40 PM","Trop la flemme jsuis endormi jvais faire 20min de velo c'est bon ...","Single Arm Curl (Cable)",,"",1,"normal",10,12,,,
"Séance pecs biceps","Apr 5, 2024, 4:04 PM","Apr 5, 2024, 4:40 PM","Trop la flemme jsuis endormi jvais faire 20min de velo c'est bon ...","Single Arm Curl (Cable)",,"",2,"normal",10,12,,,
"Séance pecs biceps","Apr 5, 2024, 4:04 PM","Apr 5, 2024, 4:40 PM","Trop la flemme jsuis endormi jvais faire 20min de velo c'est bon ...","Single Arm Curl (Cable)",,"",3,"normal",10,12,,,
"Séance pecs biceps","Apr 5, 2024, 4:04 PM","Apr 5, 2024, 4:40 PM","Trop la flemme jsuis endormi jvais faire 20min de velo c'est bon ...","Single Arm Curl (Cable)",,"",4,"normal",15,8,,,
"Séance pecs biceps","Apr 5, 2024, 4:04 PM","Apr 5, 2024, 4:40 PM","Trop la flemme jsuis endormi jvais faire 20min de velo c'est bon ...","Single Arm Curl (Cable)",,"",5,"normal",15,8,,,
"Séance pecs biceps","Apr 5, 2024, 4:04 PM","Apr 5, 2024, 4:40 PM","Trop la flemme jsuis endormi jvais faire 20min de velo c'est bon ...","Reverse Curl (Cable)",,"",0,"normal",15,12,,,
"Séance pecs biceps","Apr 5, 2024, 4:04 PM","Apr 5, 2024, 4:40 PM","Trop la flemme jsuis endormi jvais faire 20min de velo c'est bon ...","Reverse Curl (Cable)",,"",1,"normal",15,12,,,
"Séance pecs biceps","Apr 5, 2024, 4:04 PM","Apr 5, 2024, 4:40 PM","Trop la flemme jsuis endormi jvais faire 20min de velo c'est bon ...","Reverse Curl (Cable)",,"",2,"normal",15,12,,,
"PYLO","Apr 3, 2024, 4:33 PM","Apr 3, 2024, 4:49 PM","","Dumbbell Step Up",,"",0,"normal",4,12,,,
"PYLO","Apr 3, 2024, 4:33 PM","Apr 3, 2024, 4:49 PM","","Dumbbell Step Up",,"",1,"normal",8,12,,,
"PYLO","Apr 3, 2024, 4:33 PM","Apr 3, 2024, 4:49 PM","","Dumbbell Step Up",,"",2,"normal",8,12,,,
"PYLO","Apr 3, 2024, 4:33 PM","Apr 3, 2024, 4:49 PM","","seated jump",,"",0,"normal",6,3,,,
"PYLO","Apr 3, 2024, 4:33 PM","Apr 3, 2024, 4:49 PM","","seated jump",,"",1,"normal",6,3,,,
"PYLO","Apr 3, 2024, 4:33 PM","Apr 3, 2024, 4:49 PM","","seated jump",,"",2,"normal",8,3,,,
"PYLO","Apr 3, 2024, 4:33 PM","Apr 3, 2024, 4:49 PM","","seated jump",,"",3,"normal",8,3,,,
"PYLO","Apr 3, 2024, 4:33 PM","Apr 3, 2024, 4:49 PM","","seated jump",,"",4,"normal",8,3,,,
"PYLO","Apr 3, 2024, 4:33 PM","Apr 3, 2024, 4:49 PM","","saut depuis boite",,"",0,"normal",4,3,,,
"PYLO","Apr 3, 2024, 4:33 PM","Apr 3, 2024, 4:49 PM","","saut depuis boite",,"",1,"normal",4,3,,,
"PYLO","Apr 3, 2024, 4:33 PM","Apr 3, 2024, 4:49 PM","","saut depuis boite",,"",2,"normal",4,3,,,
"PYLO","Apr 3, 2024, 4:33 PM","Apr 3, 2024, 4:49 PM","","saut depuis boite",,"",3,"normal",6,3,,,
"PYLO","Apr 3, 2024, 4:33 PM","Apr 3, 2024, 4:49 PM","","saut depuis boite",,"",4,"normal",6,3,,,
"PYLO","Apr 3, 2024, 4:33 PM","Apr 3, 2024, 4:49 PM","","genous vers boite",,"",0,"normal",,3,,,
"PYLO","Apr 3, 2024, 4:33 PM","Apr 3, 2024, 4:49 PM","","genous vers boite",,"",1,"normal",,3,,,
"PYLO","Apr 3, 2024, 4:33 PM","Apr 3, 2024, 4:49 PM","","genous vers boite",,"",2,"normal",,3,,,
"PYLO","Apr 3, 2024, 4:33 PM","Apr 3, 2024, 4:49 PM","","genous vers boite",,"",3,"normal",4,3,,,
"PYLO","Apr 3, 2024, 4:33 PM","Apr 3, 2024, 4:49 PM","","genous vers boite",,"",4,"normal",4,3,,,
"Séance dos triceps","Apr 3, 2024, 3:44 PM","Apr 3, 2024, 4:25 PM","","Lat Pulldown (Cable)",,"",0,"normal",35,12,,,
"Séance dos triceps","Apr 3, 2024, 3:44 PM","Apr 3, 2024, 4:25 PM","","Lat Pulldown (Cable)",,"",1,"normal",40,12,,,
"Séance dos triceps","Apr 3, 2024, 3:44 PM","Apr 3, 2024, 4:25 PM","","Lat Pulldown (Cable)",,"",2,"normal",45,12,,,
"Séance dos triceps","Apr 3, 2024, 3:44 PM","Apr 3, 2024, 4:25 PM","","Seated Cable Row - V Grip (Cable)",,"",0,"normal",30,12,,,
"Séance dos triceps","Apr 3, 2024, 3:44 PM","Apr 3, 2024, 4:25 PM","","Seated Cable Row - V Grip (Cable)",,"",1,"normal",35,12,,,
"Séance dos triceps","Apr 3, 2024, 3:44 PM","Apr 3, 2024, 4:25 PM","","Seated Cable Row - V Grip (Cable)",,"",2,"normal",40,8,,,
"Séance dos triceps","Apr 3, 2024, 3:44 PM","Apr 3, 2024, 4:25 PM","","Single Arm Cable Row",,"",0,"normal",32,8,,,
"Séance dos triceps","Apr 3, 2024, 3:44 PM","Apr 3, 2024, 4:25 PM","","Single Arm Cable Row",,"",1,"normal",32,12,,,
"Séance dos triceps","Apr 3, 2024, 3:44 PM","Apr 3, 2024, 4:25 PM","","Single Arm Cable Row",,"",2,"normal",32,12,,,
"Séance dos triceps","Apr 3, 2024, 3:44 PM","Apr 3, 2024, 4:25 PM","","Single Arm Cable Row",,"",3,"normal",32,12,,,
"Séance dos triceps","Apr 3, 2024, 3:44 PM","Apr 3, 2024, 4:25 PM","","Single Arm Triceps Pushdown (Cable)",,"",0,"normal",5,12,,,
"Séance dos triceps","Apr 3, 2024, 3:44 PM","Apr 3, 2024, 4:25 PM","","Single Arm Triceps Pushdown (Cable)",,"",1,"normal",5,12,,,
"Séance dos triceps","Apr 3, 2024, 3:44 PM","Apr 3, 2024, 4:25 PM","","Single Arm Triceps Pushdown (Cable)",,"",2,"normal",5,12,,,
"Séance dos triceps","Apr 3, 2024, 3:44 PM","Apr 3, 2024, 4:25 PM","","Single Arm Triceps Pushdown (Cable)",,"",3,"normal",5,12,,,
"Séance dos triceps","Apr 3, 2024, 3:44 PM","Apr 3, 2024, 4:25 PM","","Single Arm Triceps Pushdown (Cable)",,"",4,"normal",5,12,,,
"Séance dos triceps","Apr 3, 2024, 3:44 PM","Apr 3, 2024, 4:25 PM","","Single Arm Triceps Pushdown (Cable)",,"",5,"normal",5,12,,,
"Séance dos triceps","Apr 3, 2024, 3:44 PM","Apr 3, 2024, 4:25 PM","","Seated Dip Machine",,"",0,"normal",60,12,,,
"Séance dos triceps","Apr 3, 2024, 3:44 PM","Apr 3, 2024, 4:25 PM","","Seated Dip Machine",,"",1,"normal",70,12,,,
"Séance dos triceps","Apr 3, 2024, 3:44 PM","Apr 3, 2024, 4:25 PM","","Seated Dip Machine",,"",2,"normal",70,8,,,
"Séance dos triceps","Apr 3, 2024, 3:44 PM","Apr 3, 2024, 4:25 PM","","Triceps Extension (Barbell)",,"",0,"normal",5,12,,,
"Séance dos triceps","Apr 3, 2024, 3:44 PM","Apr 3, 2024, 4:25 PM","","Triceps Extension (Barbell)",,"",1,"normal",5,12,,,
"Séance dos triceps","Apr 3, 2024, 3:44 PM","Apr 3, 2024, 4:25 PM","","Triceps Extension (Barbell)",,"",2,"normal",10,12,,,
"Séance dos triceps","Mar 27, 2024, 3:44 PM","Mar 27, 2024, 5:08 PM","","Lat Pulldown (Cable)",,"",0,"normal",35,12,,,
"Séance dos triceps","Mar 27, 2024, 3:44 PM","Mar 27, 2024, 5:08 PM","","Lat Pulldown (Cable)",,"",1,"normal",35,12,,,
"Séance dos triceps","Mar 27, 2024, 3:44 PM","Mar 27, 2024, 5:08 PM","","Lat Pulldown (Cable)",,"",2,"normal",40,13,,,
"Séance dos triceps","Mar 27, 2024, 3:44 PM","Mar 27, 2024, 5:08 PM","","Seated Cable Row - V Grip (Cable)",,"",0,"normal",30,12,,,
"Séance dos triceps","Mar 27, 2024, 3:44 PM","Mar 27, 2024, 5:08 PM","","Seated Cable Row - V Grip (Cable)",,"",1,"normal",35,12,,,
"Séance dos triceps","Mar 27, 2024, 3:44 PM","Mar 27, 2024, 5:08 PM","","Seated Cable Row - V Grip (Cable)",,"",2,"normal",40,12,,,
"Séance dos triceps","Mar 27, 2024, 3:44 PM","Mar 27, 2024, 5:08 PM","","Single Arm Cable Row",,"",0,"normal",32,12,,,
"Séance dos triceps","Mar 27, 2024, 3:44 PM","Mar 27, 2024, 5:08 PM","","Single Arm Cable Row",,"",1,"normal",32,12,,,
"Séance dos triceps","Mar 27, 2024, 3:44 PM","Mar 27, 2024, 5:08 PM","","Single Arm Cable Row",,"",2,"normal",36,12,,,
"Séance dos triceps","Mar 27, 2024, 3:44 PM","Mar 27, 2024, 5:08 PM","","Single Arm Cable Row",,"",3,"normal",36,12,,,
"Séance dos triceps","Mar 27, 2024, 3:44 PM","Mar 27, 2024, 5:08 PM","","Single Arm Triceps Pushdown (Cable)",,"",0,"normal",10,12,,,
"Séance dos triceps","Mar 27, 2024, 3:44 PM","Mar 27, 2024, 5:08 PM","","Single Arm Triceps Pushdown (Cable)",,"",1,"normal",10,12,,,
"Séance dos triceps","Mar 27, 2024, 3:44 PM","Mar 27, 2024, 5:08 PM","","Single Arm Triceps Pushdown (Cable)",,"",2,"normal",10,11,,,
"Séance dos triceps","Mar 27, 2024, 3:44 PM","Mar 27, 2024, 5:08 PM","","Single Arm Triceps Pushdown (Cable)",,"",3,"normal",10,8,,,
"Séance dos triceps","Mar 27, 2024, 3:44 PM","Mar 27, 2024, 5:08 PM","","Single Arm Triceps Pushdown (Cable)",,"",4,"normal",5,12,,,
"Séance dos triceps","Mar 27, 2024, 3:44 PM","Mar 27, 2024, 5:08 PM","","Single Arm Triceps Pushdown (Cable)",,"",5,"normal",5,12,,,
"Séance dos triceps","Mar 27, 2024, 3:44 PM","Mar 27, 2024, 5:08 PM","","Triceps Pushdown",,"",0,"normal",20,12,,,
"Séance dos triceps","Mar 27, 2024, 3:44 PM","Mar 27, 2024, 5:08 PM","","Triceps Pushdown",,"",1,"normal",25,16,,,
"Séance dos triceps","Mar 27, 2024, 3:44 PM","Mar 27, 2024, 5:08 PM","","Triceps Pushdown",,"",2,"normal",30,14,,,
"Séance dos triceps","Mar 27, 2024, 3:44 PM","Mar 27, 2024, 5:08 PM","","Seated Dip Machine",,"",0,"normal",50,12,,,
"Séance dos triceps","Mar 27, 2024, 3:44 PM","Mar 27, 2024, 5:08 PM","","Seated Dip Machine",,"",1,"normal",60,12,,,
"Séance dos triceps","Mar 27, 2024, 3:44 PM","Mar 27, 2024, 5:08 PM","","Seated Dip Machine",,"",2,"normal",65,12,,,
"Séance pecs biceps","Mar 25, 2024, 4:11 PM","Mar 25, 2024, 5:05 PM","","Chest Press (Machine)",,"",0,"normal",40,12,,,
"Séance pecs biceps","Mar 25, 2024, 4:11 PM","Mar 25, 2024, 5:05 PM","","Chest Press (Machine)",,"",1,"normal",45,12,,,
"Séance pecs biceps","Mar 25, 2024, 4:11 PM","Mar 25, 2024, 5:05 PM","","Chest Press (Machine)",,"",2,"normal",50,10,,,
"Séance pecs biceps","Mar 25, 2024, 4:11 PM","Mar 25, 2024, 5:05 PM","","Cable Fly Crossovers",,"",0,"normal",20,12,,,
"Séance pecs biceps","Mar 25, 2024, 4:11 PM","Mar 25, 2024, 5:05 PM","","Cable Fly Crossovers",,"",1,"normal",30,12,,,
"Séance pecs biceps","Mar 25, 2024, 4:11 PM","Mar 25, 2024, 5:05 PM","","Cable Fly Crossovers",,"",2,"normal",30,7,,,
"Séance pecs biceps","Mar 25, 2024, 4:11 PM","Mar 25, 2024, 5:05 PM","","Butterfly (Pec Deck)",,"",0,"normal",39,12,,,
"Séance pecs biceps","Mar 25, 2024, 4:11 PM","Mar 25, 2024, 5:05 PM","","Butterfly (Pec Deck)",,"",1,"normal",39,12,,,
"Séance pecs biceps","Mar 25, 2024, 4:11 PM","Mar 25, 2024, 5:05 PM","","Butterfly (Pec Deck)",,"",2,"normal",45,7,,,
"Séance pecs biceps","Mar 25, 2024, 4:11 PM","Mar 25, 2024, 5:05 PM","","Incline Bench Press (Barbell)",,"",0,"normal",20,12,,,
"Séance pecs biceps","Mar 25, 2024, 4:11 PM","Mar 25, 2024, 5:05 PM","","Incline Bench Press (Barbell)",,"",1,"normal",20,12,,,
"Séance pecs biceps","Mar 25, 2024, 4:11 PM","Mar 25, 2024, 5:05 PM","","Incline Bench Press (Barbell)",,"",2,"normal",20,12,,,
"Séance pecs biceps","Mar 25, 2024, 4:11 PM","Mar 25, 2024, 5:05 PM","","Single Arm Curl (Cable)",,"",0,"normal",10,12,,,
"Séance pecs biceps","Mar 25, 2024, 4:11 PM","Mar 25, 2024, 5:05 PM","","Single Arm Curl (Cable)",,"",1,"normal",10,12,,,
"Séance pecs biceps","Mar 25, 2024, 4:11 PM","Mar 25, 2024, 5:05 PM","","Single Arm Curl (Cable)",,"",2,"normal",10,12,,,
"Séance pecs biceps","Mar 25, 2024, 4:11 PM","Mar 25, 2024, 5:05 PM","","Single Arm Curl (Cable)",,"",3,"normal",10,12,,,
"Séance pecs biceps","Mar 25, 2024, 4:11 PM","Mar 25, 2024, 5:05 PM","","Single Arm Curl (Cable)",,"",4,"normal",15,12,,,
"Séance pecs biceps","Mar 25, 2024, 4:11 PM","Mar 25, 2024, 5:05 PM","","Single Arm Curl (Cable)",,"",5,"normal",15,7,,,
"Séance pecs biceps","Mar 25, 2024, 4:11 PM","Mar 25, 2024, 5:05 PM","","Preacher Curl (Machine)",,"",0,"normal",10,10,,,
"Séance pecs biceps","Mar 25, 2024, 4:11 PM","Mar 25, 2024, 5:05 PM","","Preacher Curl (Machine)",,"",1,"normal",10,12,,,
"Séance pecs biceps","Mar 25, 2024, 4:11 PM","Mar 25, 2024, 5:05 PM","","Preacher Curl (Machine)",,"",2,"normal",15,10,,,
"Séance dos triceps","Mar 23, 2024, 11:04 AM","Mar 23, 2024, 12:14 PM","","Lat Pulldown (Cable)",,"",0,"normal",35,12,,,
"Séance dos triceps","Mar 23, 2024, 11:04 AM","Mar 23, 2024, 12:14 PM","","Lat Pulldown (Cable)",,"",1,"normal",40,12,,,
"Séance dos triceps","Mar 23, 2024, 11:04 AM","Mar 23, 2024, 12:14 PM","","Lat Pulldown (Cable)",,"",2,"normal",40,10,,,
"Séance dos triceps","Mar 23, 2024, 11:04 AM","Mar 23, 2024, 12:14 PM","","Seated Cable Row - V Grip (Cable)",,"",0,"normal",30,12,,,
"Séance dos triceps","Mar 23, 2024, 11:04 AM","Mar 23, 2024, 12:14 PM","","Seated Cable Row - V Grip (Cable)",,"",1,"normal",35,12,,,
"Séance dos triceps","Mar 23, 2024, 11:04 AM","Mar 23, 2024, 12:14 PM","","Seated Cable Row - V Grip (Cable)",,"",2,"normal",40,12,,,
"Séance dos triceps","Mar 23, 2024, 11:04 AM","Mar 23, 2024, 12:14 PM","","Lat Pulldown - Close Grip (Cable)",,"",0,"normal",35,12,,,
"Séance dos triceps","Mar 23, 2024, 11:04 AM","Mar 23, 2024, 12:14 PM","","Lat Pulldown - Close Grip (Cable)",,"",1,"normal",40,12,,,
"Séance dos triceps","Mar 23, 2024, 11:04 AM","Mar 23, 2024, 12:14 PM","","Lat Pulldown - Close Grip (Cable)",,"",2,"normal",45,8,,,
"Séance dos triceps","Mar 23, 2024, 11:04 AM","Mar 23, 2024, 12:14 PM","","Single Arm Cable Row",,"",0,"normal",32,12,,,
"Séance dos triceps","Mar 23, 2024, 11:04 AM","Mar 23, 2024, 12:14 PM","","Single Arm Cable Row",,"",1,"normal",32,12,,,
"Séance dos triceps","Mar 23, 2024, 11:04 AM","Mar 23, 2024, 12:14 PM","","Single Arm Cable Row",,"",2,"normal",36,12,,,
"Séance dos triceps","Mar 23, 2024, 11:04 AM","Mar 23, 2024, 12:14 PM","","Single Arm Cable Row",,"",3,"normal",36,12,,,
"Séance dos triceps","Mar 23, 2024, 11:04 AM","Mar 23, 2024, 12:14 PM","","Single Arm Triceps Pushdown (Cable)",,"",0,"normal",10,12,,,
"Séance dos triceps","Mar 23, 2024, 11:04 AM","Mar 23, 2024, 12:14 PM","","Single Arm Triceps Pushdown (Cable)",,"",1,"normal",10,12,,,
"Séance dos triceps","Mar 23, 2024, 11:04 AM","Mar 23, 2024, 12:14 PM","","Single Arm Triceps Pushdown (Cable)",,"",2,"normal",10,12,,,
"Séance dos triceps","Mar 23, 2024, 11:04 AM","Mar 23, 2024, 12:14 PM","","Single Arm Triceps Pushdown (Cable)",,"",3,"normal",10,12,,,
"Séance dos triceps","Mar 23, 2024, 11:04 AM","Mar 23, 2024, 12:14 PM","","Single Arm Triceps Pushdown (Cable)",,"",4,"normal",10,12,,,
"Séance dos triceps","Mar 23, 2024, 11:04 AM","Mar 23, 2024, 12:14 PM","","Single Arm Triceps Pushdown (Cable)",,"",5,"normal",10,12,,,
"Séance dos triceps","Mar 23, 2024, 11:04 AM","Mar 23, 2024, 12:14 PM","","Triceps Pushdown",,"",0,"normal",25,12,,,
"Séance dos triceps","Mar 23, 2024, 11:04 AM","Mar 23, 2024, 12:14 PM","","Triceps Pushdown",,"",1,"normal",25,11,,,
"Séance dos triceps","Mar 23, 2024, 11:04 AM","Mar 23, 2024, 12:14 PM","","Triceps Pushdown",,"",2,"normal",30,10,,,
"Séance dos triceps","Mar 23, 2024, 11:04 AM","Mar 23, 2024, 12:14 PM","","Lat Pulldown (Machine)",,"",0,"normal",23,12,,,
"Séance dos triceps","Mar 23, 2024, 11:04 AM","Mar 23, 2024, 12:14 PM","","Rope Straight Arm Pulldown",,"",0,"normal",10,12,,,
"Séance dos triceps","Mar 23, 2024, 11:04 AM","Mar 23, 2024, 12:14 PM","","Rope Straight Arm Pulldown",,"",1,"normal",10,12,,,
"Séance dos triceps","Mar 23, 2024, 11:04 AM","Mar 23, 2024, 12:14 PM","","Rope Straight Arm Pulldown",,"",2,"normal",10,12,,,
"Pec Bi","Mar 21, 2024, 10:57 AM","Mar 21, 2024, 11:49 AM","","Bicep Curl (Cable)",,"",0,"normal",15,7,,,
"Pec Bi","Mar 21, 2024, 10:57 AM","Mar 21, 2024, 11:49 AM","","Bicep Curl (Cable)",,"",1,"normal",20,5,,,
"Pec Bi","Mar 21, 2024, 10:57 AM","Mar 21, 2024, 11:49 AM","","Bicep Curl (Cable)",,"",2,"normal",20,6,,,
"Pec Bi","Mar 21, 2024, 10:57 AM","Mar 21, 2024, 11:49 AM","","Leg Extension (Machine)",,"",0,"normal",60,7,,,
"Pec Bi","Mar 21, 2024, 10:57 AM","Mar 21, 2024, 11:49 AM","","Leg Extension (Machine)",,"",1,"normal",65,7,,,
"Pec Bi","Mar 21, 2024, 10:57 AM","Mar 21, 2024, 11:49 AM","","Leg Extension (Machine)",,"",2,"normal",70,7,,,
"Pec Bi","Mar 21, 2024, 10:57 AM","Mar 21, 2024, 11:49 AM","","Lat Pulldown (Machine)",,"",0,"normal",60,7,,,
"Pec Bi","Mar 21, 2024, 10:57 AM","Mar 21, 2024, 11:49 AM","","Lat Pulldown (Machine)",,"",1,"normal",60,7,,,
"Pec Bi","Mar 21, 2024, 10:57 AM","Mar 21, 2024, 11:49 AM","","Lat Pulldown (Machine)",,"",2,"normal",65,7,,,
"Séance jambes","Mar 20, 2024, 4:02 PM","Mar 20, 2024, 5:37 PM","Bon ba encore pas fini mdr","Standing Calf Raise (Machine)",,"",0,"normal",20,12,,,
"Séance jambes","Mar 20, 2024, 4:02 PM","Mar 20, 2024, 5:37 PM","Bon ba encore pas fini mdr","Standing Calf Raise (Machine)",,"",1,"normal",20,12,,,
"Séance jambes","Mar 20, 2024, 4:02 PM","Mar 20, 2024, 5:37 PM","Bon ba encore pas fini mdr","Standing Calf Raise (Machine)",,"",2,"normal",20,12,,,
"Séance jambes","Mar 20, 2024, 4:02 PM","Mar 20, 2024, 5:37 PM","Bon ba encore pas fini mdr","Hack Squat (Machine)",,"",0,"normal",40,12,,,
"Séance jambes","Mar 20, 2024, 4:02 PM","Mar 20, 2024, 5:37 PM","Bon ba encore pas fini mdr","Hack Squat (Machine)",,"",1,"normal",40,12,,,
"Séance jambes","Mar 20, 2024, 4:02 PM","Mar 20, 2024, 5:37 PM","Bon ba encore pas fini mdr","Hack Squat (Machine)",,"",2,"normal",60,12,,,
"Séance jambes","Mar 20, 2024, 4:02 PM","Mar 20, 2024, 5:37 PM","Bon ba encore pas fini mdr","Hack Squat (Machine)",,"",3,"normal",80,15,,,
"Séance jambes","Mar 20, 2024, 4:02 PM","Mar 20, 2024, 5:37 PM","Bon ba encore pas fini mdr","Deadlift (Barbell)",,"",0,"normal",40,10,,,
"Séance jambes","Mar 20, 2024, 4:02 PM","Mar 20, 2024, 5:37 PM","Bon ba encore pas fini mdr","Deadlift (Barbell)",,"",1,"normal",40,12,,,
"Séance jambes","Mar 20, 2024, 4:02 PM","Mar 20, 2024, 5:37 PM","Bon ba encore pas fini mdr","Seated Leg Curl (Machine)",,"",0,"normal",30,12,,,
"Séance jambes","Mar 20, 2024, 4:02 PM","Mar 20, 2024, 5:37 PM","Bon ba encore pas fini mdr","Seated Leg Curl (Machine)",,"",1,"normal",40,12,,,
"Séance jambes","Mar 20, 2024, 4:02 PM","Mar 20, 2024, 5:37 PM","Bon ba encore pas fini mdr","Seated Leg Curl (Machine)",,"",2,"normal",50,12,,,
"Séance jambes","Mar 20, 2024, 4:02 PM","Mar 20, 2024, 5:37 PM","Bon ba encore pas fini mdr","Squat (Barbell)",,"",0,"normal",40,12,,,
"Séance jambes","Mar 20, 2024, 4:02 PM","Mar 20, 2024, 5:37 PM","Bon ba encore pas fini mdr","Squat (Barbell)",,"",1,"normal",40,12,,,
"Séance jambes","Mar 20, 2024, 4:02 PM","Mar 20, 2024, 5:37 PM","Bon ba encore pas fini mdr","Squat (Barbell)",,"",2,"normal",50,12,,,
"Séance jambes","Mar 16, 2024, 10:47 AM","Mar 16, 2024, 11:08 AM","","Hack Squat (Machine)",,"",0,"normal",40,12,,,
"Séance jambes","Mar 16, 2024, 10:47 AM","Mar 16, 2024, 11:08 AM","","Hack Squat (Machine)",,"",1,"normal",40,12,,,
"Séance jambes","Mar 16, 2024, 10:47 AM","Mar 16, 2024, 11:08 AM","","Hack Squat (Machine)",,"",2,"normal",60,12,,,
"Séance jambes","Mar 16, 2024, 10:47 AM","Mar 16, 2024, 11:08 AM","","Hack Squat (Machine)",,"",3,"normal",70,12,,,
"Séance jambes","Mar 16, 2024, 10:47 AM","Mar 16, 2024, 11:08 AM","","Hip Adduction (Machine)",,"",0,"normal",40,12,,,
"Séance jambes","Mar 16, 2024, 10:47 AM","Mar 16, 2024, 11:08 AM","","Hip Adduction (Machine)",,"",1,"normal",60,12,,,
"Séance dos triceps","Mar 16, 2024, 10:17 AM","Mar 16, 2024, 10:46 AM","","Lat Pulldown (Cable)",,"",0,"normal",30,12,,,
"Séance dos triceps","Mar 16, 2024, 10:17 AM","Mar 16, 2024, 10:46 AM","","Lat Pulldown (Cable)",,"",1,"normal",35,12,,,
"Séance dos triceps","Mar 16, 2024, 10:17 AM","Mar 16, 2024, 10:46 AM","","Lat Pulldown (Cable)",,"",2,"normal",40,12,,,
"Séance dos triceps","Mar 16, 2024, 10:17 AM","Mar 16, 2024, 10:46 AM","","Seated Cable Row - V Grip (Cable)",,"",0,"normal",30,12,,,
"Séance dos triceps","Mar 16, 2024, 10:17 AM","Mar 16, 2024, 10:46 AM","","Seated Cable Row - V Grip (Cable)",,"",1,"normal",35,12,,,
"Séance dos triceps","Mar 16, 2024, 10:17 AM","Mar 16, 2024, 10:46 AM","","Seated Cable Row - V Grip (Cable)",,"",2,"normal",40,10,,,
"Séance dos triceps","Mar 16, 2024, 10:17 AM","Mar 16, 2024, 10:46 AM","","Lat Pulldown - Close Grip (Cable)",,"",0,"normal",35,12,,,
"Séance dos triceps","Mar 16, 2024, 10:17 AM","Mar 16, 2024, 10:46 AM","","Lat Pulldown - Close Grip (Cable)",,"",1,"normal",40,10,,,
"Séance dos triceps","Mar 16, 2024, 10:17 AM","Mar 16, 2024, 10:46 AM","","Lat Pulldown - Close Grip (Cable)",,"",2,"normal",40,10,,,
"Séance dos triceps","Mar 16, 2024, 10:17 AM","Mar 16, 2024, 10:46 AM","","Single Arm Cable Row",,"",0,"normal",27,12,,,
"Séance dos triceps","Mar 16, 2024, 10:17 AM","Mar 16, 2024, 10:46 AM","","Single Arm Cable Row",,"",1,"normal",27,12,,,
"Séance dos triceps","Mar 16, 2024, 10:17 AM","Mar 16, 2024, 10:46 AM","","Single Arm Cable Row",,"",2,"normal",32,10,,,
"Séance dos triceps","Mar 16, 2024, 10:17 AM","Mar 16, 2024, 10:46 AM","","Single Arm Cable Row",,"",3,"normal",32,12,,,
"Séance dos triceps","Feb 24, 2024, 1:28 PM","Feb 24, 2024, 2:16 PM","","Lat Pulldown (Cable)",,"",0,"normal",30,12,,,
"Séance dos triceps","Feb 24, 2024, 1:28 PM","Feb 24, 2024, 2:16 PM","","Lat Pulldown (Cable)",,"",1,"normal",35,20,,,
"Séance dos triceps","Feb 24, 2024, 1:28 PM","Feb 24, 2024, 2:16 PM","","Lat Pulldown (Cable)",,"",2,"normal",40,12,,,
"Séance dos triceps","Feb 24, 2024, 1:28 PM","Feb 24, 2024, 2:16 PM","","Seated Cable Row - V Grip (Cable)",,"",0,"normal",30,12,,,
"Séance dos triceps","Feb 24, 2024, 1:28 PM","Feb 24, 2024, 2:16 PM","","Seated Cable Row - V Grip (Cable)",,"",1,"normal",35,12,,,
"Séance dos triceps","Feb 24, 2024, 1:28 PM","Feb 24, 2024, 2:16 PM","","Seated Cable Row - V Grip (Cable)",,"",2,"normal",40,10,,,
"Séance dos triceps","Feb 24, 2024, 1:28 PM","Feb 24, 2024, 2:16 PM","","Lat Pulldown - Close Grip (Cable)",,"",0,"normal",40,12,,,
"Séance dos triceps","Feb 24, 2024, 1:28 PM","Feb 24, 2024, 2:16 PM","","Lat Pulldown - Close Grip (Cable)",,"",1,"normal",40,12,,,
"Séance dos triceps","Feb 24, 2024, 1:28 PM","Feb 24, 2024, 2:16 PM","","Lat Pulldown - Close Grip (Cable)",,"",2,"normal",40,13,,,
"Séance dos triceps","Feb 24, 2024, 1:28 PM","Feb 24, 2024, 2:16 PM","","Single Arm Cable Row",,"",0,"normal",27,12,,,
"Séance dos triceps","Feb 24, 2024, 1:28 PM","Feb 24, 2024, 2:16 PM","","Single Arm Cable Row",,"",1,"normal",27,12,,,
"Séance dos triceps","Feb 24, 2024, 1:28 PM","Feb 24, 2024, 2:16 PM","","Single Arm Cable Row",,"",2,"normal",32,12,,,
"Séance dos triceps","Feb 24, 2024, 1:28 PM","Feb 24, 2024, 2:16 PM","","Single Arm Cable Row",,"",3,"normal",32,12,,,
"Séance dos triceps","Feb 24, 2024, 1:28 PM","Feb 24, 2024, 2:16 PM","","Rope Straight Arm Pulldown",,"",0,"normal",15,10,,,
"Séance dos triceps","Feb 24, 2024, 1:28 PM","Feb 24, 2024, 2:16 PM","","Rope Straight Arm Pulldown",,"",1,"normal",10,18,,,
"Séance dos triceps","Feb 24, 2024, 1:28 PM","Feb 24, 2024, 2:16 PM","","Rope Straight Arm Pulldown",,"",2,"normal",10,15,,,
"Séance dos triceps","Feb 21, 2024, 3:44 PM","Feb 21, 2024, 4:38 PM","","Lat Pulldown (Cable)",,"",0,"normal",30,12,,,
"Séance dos triceps","Feb 21, 2024, 3:44 PM","Feb 21, 2024, 4:38 PM","","Lat Pulldown (Cable)",,"",1,"normal",30,12,,,
"Séance dos triceps","Feb 21, 2024, 3:44 PM","Feb 21, 2024, 4:38 PM","","Lat Pulldown (Cable)",,"",2,"normal",30,12,,,
"Séance dos triceps","Feb 21, 2024, 3:44 PM","Feb 21, 2024, 4:38 PM","","Seated Cable Row - V Grip (Cable)",,"",0,"normal",30,12,,,
"Séance dos triceps","Feb 21, 2024, 3:44 PM","Feb 21, 2024, 4:38 PM","","Seated Cable Row - V Grip (Cable)",,"",1,"normal",35,12,,,
"Séance dos triceps","Feb 21, 2024, 3:44 PM","Feb 21, 2024, 4:38 PM","","Seated Cable Row - V Grip (Cable)",,"",2,"normal",35,8,,,
"Séance dos triceps","Feb 21, 2024, 3:44 PM","Feb 21, 2024, 4:38 PM","","Lat Pulldown - Close Grip (Cable)",,"",0,"normal",40,12,,,
"Séance dos triceps","Feb 21, 2024, 3:44 PM","Feb 21, 2024, 4:38 PM","","Lat Pulldown - Close Grip (Cable)",,"",1,"normal",40,8,,,
"Séance dos triceps","Feb 21, 2024, 3:44 PM","Feb 21, 2024, 4:38 PM","","Lat Pulldown - Close Grip (Cable)",,"",2,"normal",35,8,,,
"Séance dos triceps","Feb 21, 2024, 3:44 PM","Feb 21, 2024, 4:38 PM","","Single Arm Cable Row",,"",0,"normal",18,12,,,
"Séance dos triceps","Feb 21, 2024, 3:44 PM","Feb 21, 2024, 4:38 PM","","Single Arm Cable Row",,"",1,"normal",18,12,,,
"Séance dos triceps","Feb 21, 2024, 3:44 PM","Feb 21, 2024, 4:38 PM","","Single Arm Cable Row",,"",2,"normal",23,17,,,
"Séance dos triceps","Feb 21, 2024, 3:44 PM","Feb 21, 2024, 4:38 PM","","Single Arm Cable Row",,"",3,"normal",23,17,,,
"Séance dos triceps","Feb 21, 2024, 3:44 PM","Feb 21, 2024, 4:38 PM","","Seated Dip Machine",,"",0,"normal",50,12,,,
"Séance dos triceps","Feb 21, 2024, 3:44 PM","Feb 21, 2024, 4:38 PM","","Seated Dip Machine",,"",1,"normal",60,12,,,
"Séance dos triceps","Feb 21, 2024, 3:44 PM","Feb 21, 2024, 4:38 PM","","Seated Dip Machine",,"",2,"normal",60,8,,,
"Séance dos triceps","Feb 21, 2024, 3:44 PM","Feb 21, 2024, 4:38 PM","","Single Arm Triceps Pushdown (Cable)",,"",0,"normal",10,12,,,
"Séance dos triceps","Feb 21, 2024, 3:44 PM","Feb 21, 2024, 4:38 PM","","Single Arm Triceps Pushdown (Cable)",,"",1,"normal",10,12,,,
"Séance dos triceps","Feb 21, 2024, 3:44 PM","Feb 21, 2024, 4:38 PM","","Single Arm Triceps Pushdown (Cable)",,"",2,"normal",15,8,,,
"Séance dos triceps","Feb 21, 2024, 3:44 PM","Feb 21, 2024, 4:38 PM","","Single Arm Triceps Pushdown (Cable)",,"",3,"normal",15,8,,,
"Séance dos triceps","Feb 21, 2024, 3:44 PM","Feb 21, 2024, 4:38 PM","","Single Arm Triceps Pushdown (Cable)",,"",4,"normal",10,10,,,
"Séance dos triceps","Feb 21, 2024, 3:44 PM","Feb 21, 2024, 4:38 PM","","Single Arm Triceps Pushdown (Cable)",,"",5,"normal",10,12,,,
"Séance dos triceps","Feb 21, 2024, 3:44 PM","Feb 21, 2024, 4:38 PM","","Triceps Pushdown",,"",0,"normal",30,10,,,
"Séance dos triceps","Feb 21, 2024, 3:44 PM","Feb 21, 2024, 4:38 PM","","Triceps Pushdown",,"",1,"normal",30,9,,,
"Séance dos triceps","Feb 21, 2024, 3:44 PM","Feb 21, 2024, 4:38 PM","","Triceps Pushdown",,"",2,"normal",30,10,,,
"Séance dos triceps","Feb 21, 2024, 3:44 PM","Feb 21, 2024, 4:38 PM","","Lat Pulldown (Machine)",,"",0,"normal",23,12,,,
"Séance dos triceps","Feb 7, 2024, 3:52 PM","Feb 7, 2024, 4:45 PM","","Lat Pulldown (Cable)",,"",0,"normal",30,12,,,
"Séance dos triceps","Feb 7, 2024, 3:52 PM","Feb 7, 2024, 4:45 PM","","Lat Pulldown (Cable)",,"",1,"normal",25,12,,,
"Séance dos triceps","Feb 7, 2024, 3:52 PM","Feb 7, 2024, 4:45 PM","","Lat Pulldown (Cable)",,"",2,"normal",30,10,,,
"Séance dos triceps","Feb 7, 2024, 3:52 PM","Feb 7, 2024, 4:45 PM","","Seated Cable Row - V Grip (Cable)",,"",0,"normal",30,12,,,
"Séance dos triceps","Feb 7, 2024, 3:52 PM","Feb 7, 2024, 4:45 PM","","Seated Cable Row - V Grip (Cable)",,"",1,"normal",30,12,,,
"Séance dos triceps","Feb 7, 2024, 3:52 PM","Feb 7, 2024, 4:45 PM","","Lat Pulldown - Close Grip (Cable)",,"",0,"normal",30,12,,,
"Séance dos triceps","Feb 7, 2024, 3:52 PM","Feb 7, 2024, 4:45 PM","","Lat Pulldown - Close Grip (Cable)",,"",1,"normal",40,12,,,
"Séance dos triceps","Feb 7, 2024, 3:52 PM","Feb 7, 2024, 4:45 PM","","Lat Pulldown - Close Grip (Cable)",,"",2,"normal",45,8,,,
"Séance dos triceps","Feb 7, 2024, 3:52 PM","Feb 7, 2024, 4:45 PM","","Single Arm Cable Row",,"",0,"normal",18,12,,,
"Séance dos triceps","Feb 7, 2024, 3:52 PM","Feb 7, 2024, 4:45 PM","","Single Arm Cable Row",,"",1,"normal",18,12,,,
"Séance dos triceps","Feb 7, 2024, 3:52 PM","Feb 7, 2024, 4:45 PM","","Single Arm Cable Row",,"",2,"normal",23,23,,,
"Séance dos triceps","Feb 7, 2024, 3:52 PM","Feb 7, 2024, 4:45 PM","","Single Arm Cable Row",,"",3,"normal",23,20,,,
"Séance dos triceps","Feb 7, 2024, 3:52 PM","Feb 7, 2024, 4:45 PM","","Seated Dip Machine",,"",0,"normal",50,12,,,
"Séance dos triceps","Feb 7, 2024, 3:52 PM","Feb 7, 2024, 4:45 PM","","Seated Dip Machine",,"",1,"normal",60,15,,,
"Séance dos triceps","Feb 7, 2024, 3:52 PM","Feb 7, 2024, 4:45 PM","","Seated Dip Machine",,"",2,"normal",60,12,,,
"Séance dos triceps","Feb 7, 2024, 3:52 PM","Feb 7, 2024, 4:45 PM","","Triceps Rope Pushdown",,"",0,"normal",10,12,,,
"Séance dos triceps","Feb 7, 2024, 3:52 PM","Feb 7, 2024, 4:45 PM","","Triceps Rope Pushdown",,"",1,"normal",10,12,,,
"Pec Bi","Jan 22, 2024, 3:32 PM","Jan 22, 2024, 4:15 PM","Comment dire que j'ai eu 40min ...","Seated Incline Curl (Dumbbell)",,"",0,"normal",10,10,,,
"Pec Bi","Jan 22, 2024, 3:32 PM","Jan 22, 2024, 4:15 PM","Comment dire que j'ai eu 40min ...","Seated Incline Curl (Dumbbell)",,"",1,"normal",10,10,,,
"Pec Bi","Jan 22, 2024, 3:32 PM","Jan 22, 2024, 4:15 PM","Comment dire que j'ai eu 40min ...","Seated Incline Curl (Dumbbell)",,"",2,"normal",8,11,,,
"Pec Bi","Jan 22, 2024, 3:32 PM","Jan 22, 2024, 4:15 PM","Comment dire que j'ai eu 40min ...","Seated Incline Curl (Dumbbell)",,"",3,"normal",8,8,,,
"Pec Bi","Jan 22, 2024, 3:32 PM","Jan 22, 2024, 4:15 PM","Comment dire que j'ai eu 40min ...","Hammer Curl (Dumbbell)",,"",0,"normal",15,10,,,
"Pec Bi","Jan 22, 2024, 3:32 PM","Jan 22, 2024, 4:15 PM","Comment dire que j'ai eu 40min ...","Hammer Curl (Dumbbell)",,"",1,"normal",12,10,,,
"Pec Bi","Jan 22, 2024, 3:32 PM","Jan 22, 2024, 4:15 PM","Comment dire que j'ai eu 40min ...","Hammer Curl (Dumbbell)",,"",2,"normal",10,12,,,
"Pec Bi","Jan 22, 2024, 3:32 PM","Jan 22, 2024, 4:15 PM","Comment dire que j'ai eu 40min ...","Hammer Curl (Dumbbell)",,"",3,"normal",6,12,,,
"Pec Bi","Jan 22, 2024, 3:32 PM","Jan 22, 2024, 4:15 PM","Comment dire que j'ai eu 40min ...","Bicep Curl (Cable)",,"",0,"normal",15,12,,,
"Pec Bi","Jan 22, 2024, 3:32 PM","Jan 22, 2024, 4:15 PM","Comment dire que j'ai eu 40min ...","Bicep Curl (Cable)",,"",1,"normal",15,12,,,
"Pec Bi","Jan 22, 2024, 3:32 PM","Jan 22, 2024, 4:15 PM","Comment dire que j'ai eu 40min ...","Bicep Curl (Cable)",,"",2,"normal",20,10,,,
"Pec Bi","Jan 22, 2024, 3:32 PM","Jan 22, 2024, 4:15 PM","Comment dire que j'ai eu 40min ...","Bench Press (Dumbbell)",,"",0,"normal",14,12,,,
"Pec Bi","Jan 22, 2024, 3:32 PM","Jan 22, 2024, 4:15 PM","Comment dire que j'ai eu 40min ...","Bench Press (Dumbbell)",,"",1,"normal",14,12,,,
"Pec Bi","Jan 22, 2024, 3:32 PM","Jan 22, 2024, 4:15 PM","Comment dire que j'ai eu 40min ...","Bench Press (Dumbbell)",,"",2,"normal",14,8,,,
"Séance jambes","Jan 20, 2024, 10:21 AM","Jan 20, 2024, 11:52 AM","J'étais dans le mal j'ai meme pas pu finir 😢","Standing Calf Raise (Machine)",,"",0,"normal",20,12,,,
"Séance jambes","Jan 20, 2024, 10:21 AM","Jan 20, 2024, 11:52 AM","J'étais dans le mal j'ai meme pas pu finir 😢","Standing Calf Raise (Machine)",,"",1,"normal",20,20,,,
"Séance jambes","Jan 20, 2024, 10:21 AM","Jan 20, 2024, 11:52 AM","J'étais dans le mal j'ai meme pas pu finir 😢","Standing Calf Raise (Machine)",,"",2,"normal",20,16,,,
"Séance jambes","Jan 20, 2024, 10:21 AM","Jan 20, 2024, 11:52 AM","J'étais dans le mal j'ai meme pas pu finir 😢","Standing Calf Raise (Machine)",,"",3,"normal",20,15,,,
"Séance jambes","Jan 20, 2024, 10:21 AM","Jan 20, 2024, 11:52 AM","J'étais dans le mal j'ai meme pas pu finir 😢","Hack Squat (Machine)",,"",0,"normal",20,12,,,
"Séance jambes","Jan 20, 2024, 10:21 AM","Jan 20, 2024, 11:52 AM","J'étais dans le mal j'ai meme pas pu finir 😢","Hack Squat (Machine)",,"",1,"normal",20,12,,,
"Séance jambes","Jan 20, 2024, 10:21 AM","Jan 20, 2024, 11:52 AM","J'étais dans le mal j'ai meme pas pu finir 😢","Hack Squat (Machine)",,"",2,"normal",30,20,,,
"Séance jambes","Jan 20, 2024, 10:21 AM","Jan 20, 2024, 11:52 AM","J'étais dans le mal j'ai meme pas pu finir 😢","Hack Squat (Machine)",,"",3,"normal",40,17,,,
"Séance jambes","Jan 20, 2024, 10:21 AM","Jan 20, 2024, 11:52 AM","J'étais dans le mal j'ai meme pas pu finir 😢","Leg Press (Machine)",,"",0,"normal",60,14,,,
"Séance jambes","Jan 20, 2024, 10:21 AM","Jan 20, 2024, 11:52 AM","J'étais dans le mal j'ai meme pas pu finir 😢","Leg Press (Machine)",,"",1,"normal",60,12,,,
"Séance jambes","Jan 20, 2024, 10:21 AM","Jan 20, 2024, 11:52 AM","J'étais dans le mal j'ai meme pas pu finir 😢","Leg Press (Machine)",,"",2,"normal",70,18,,,
"Séance jambes","Jan 20, 2024, 10:21 AM","Jan 20, 2024, 11:52 AM","J'étais dans le mal j'ai meme pas pu finir 😢","Leg Press (Machine)",,"",3,"normal",80,19,,,
"Séance jambes","Jan 20, 2024, 10:21 AM","Jan 20, 2024, 11:52 AM","J'étais dans le mal j'ai meme pas pu finir 😢","Deadlift (Barbell)",,"",0,"normal",10,10,,,
"Séance jambes","Jan 20, 2024, 10:21 AM","Jan 20, 2024, 11:52 AM","J'étais dans le mal j'ai meme pas pu finir 😢","Deadlift (Barbell)",,"",1,"normal",10,10,,,
"Séance jambes","Jan 20, 2024, 10:21 AM","Jan 20, 2024, 11:52 AM","J'étais dans le mal j'ai meme pas pu finir 😢","Deadlift (Barbell)",,"",2,"normal",10,10,,,
"Séance jambes","Jan 20, 2024, 10:21 AM","Jan 20, 2024, 11:52 AM","J'étais dans le mal j'ai meme pas pu finir 😢","Deadlift (Barbell)",,"",3,"normal",10,10,,,
"Séance jambes","Jan 20, 2024, 10:21 AM","Jan 20, 2024, 11:52 AM","J'étais dans le mal j'ai meme pas pu finir 😢","Hip Thrust (Machine)",,"",0,"normal",20,12,,,
"Séance jambes","Jan 20, 2024, 10:21 AM","Jan 20, 2024, 11:52 AM","J'étais dans le mal j'ai meme pas pu finir 😢","Hip Thrust (Machine)",,"",1,"normal",20,12,,,
"Séance jambes","Jan 20, 2024, 10:21 AM","Jan 20, 2024, 11:52 AM","J'étais dans le mal j'ai meme pas pu finir 😢","Hip Thrust (Machine)",,"",2,"normal",20,12,,,
"Séance jambes","Jan 20, 2024, 10:21 AM","Jan 20, 2024, 11:52 AM","J'étais dans le mal j'ai meme pas pu finir 😢","Seated Leg Curl (Machine)",,"",0,"normal",20,12,,,
"Séance jambes","Jan 20, 2024, 10:21 AM","Jan 20, 2024, 11:52 AM","J'étais dans le mal j'ai meme pas pu finir 😢","Seated Leg Curl (Machine)",,"",1,"normal",30,12,,,
"Séance jambes","Jan 20, 2024, 10:21 AM","Jan 20, 2024, 11:52 AM","J'étais dans le mal j'ai meme pas pu finir 😢","Seated Leg Curl (Machine)",,"",2,"normal",35,12,,,
"Séance jambes","Jan 20, 2024, 10:21 AM","Jan 20, 2024, 11:52 AM","J'étais dans le mal j'ai meme pas pu finir 😢","Leg Extension (Machine)",,"",0,"normal",,12,,,
"Séance jambes","Jan 20, 2024, 10:21 AM","Jan 20, 2024, 11:52 AM","J'étais dans le mal j'ai meme pas pu finir 😢","Leg Extension (Machine)",,"",1,"normal",,12,,,
"Séance jambes","Jan 20, 2024, 10:21 AM","Jan 20, 2024, 11:52 AM","J'étais dans le mal j'ai meme pas pu finir 😢","Leg Extension (Machine)",,"",2,"normal",,12,,,
"Séance jambes","Jan 20, 2024, 10:21 AM","Jan 20, 2024, 11:52 AM","J'étais dans le mal j'ai meme pas pu finir 😢","Leg Extension (Machine)",,"",3,"normal",,12,,,
"Séance jambes","Jan 20, 2024, 10:21 AM","Jan 20, 2024, 11:52 AM","J'étais dans le mal j'ai meme pas pu finir 😢","Leg Extension (Machine)",,"",4,"normal",,12,,,
"Séance jambes","Jan 20, 2024, 10:21 AM","Jan 20, 2024, 11:52 AM","J'étais dans le mal j'ai meme pas pu finir 😢","Leg Extension (Machine)",,"",5,"normal",,12,,,
"Séance jambes","Jan 20, 2024, 10:21 AM","Jan 20, 2024, 11:52 AM","J'étais dans le mal j'ai meme pas pu finir 😢","Leg Extension (Machine)",,"",6,"normal",,12,,,
"Séance jambes","Jan 20, 2024, 10:21 AM","Jan 20, 2024, 11:52 AM","J'étais dans le mal j'ai meme pas pu finir 😢","Leg Extension (Machine)",,"",7,"normal",,12,,,
"Séance jambes","Jan 20, 2024, 10:21 AM","Jan 20, 2024, 11:52 AM","J'étais dans le mal j'ai meme pas pu finir 😢","Leg Extension (Machine)",,"",8,"normal",,12,,,
"Séance jambes","Jan 20, 2024, 10:21 AM","Jan 20, 2024, 11:52 AM","J'étais dans le mal j'ai meme pas pu finir 😢","Hip Abduction (Machine)",,"",0,"normal",,20,,,
"Séance jambes","Jan 20, 2024, 10:21 AM","Jan 20, 2024, 11:52 AM","J'étais dans le mal j'ai meme pas pu finir 😢","Hip Abduction (Machine)",,"",1,"normal",,20,,,
"Séance jambes","Jan 20, 2024, 10:21 AM","Jan 20, 2024, 11:52 AM","J'étais dans le mal j'ai meme pas pu finir 😢","Hip Adduction (Machine)",,"",0,"normal",,20,,,
"Séance jambes","Jan 20, 2024, 10:21 AM","Jan 20, 2024, 11:52 AM","J'étais dans le mal j'ai meme pas pu finir 😢","Hip Adduction (Machine)",,"",1,"normal",,20,,,
"Séance dos triceps","Jan 17, 2024, 3:52 PM","Jan 17, 2024, 5:19 PM","","Lat Pulldown (Cable)",,"",0,"normal",25,12,,,
"Séance dos triceps","Jan 17, 2024, 3:52 PM","Jan 17, 2024, 5:19 PM","","Lat Pulldown (Cable)",,"",1,"normal",30,12,,,
"Séance dos triceps","Jan 17, 2024, 3:52 PM","Jan 17, 2024, 5:19 PM","","Lat Pulldown (Cable)",,"",2,"normal",30,14,,,
"Séance dos triceps","Jan 17, 2024, 3:52 PM","Jan 17, 2024, 5:19 PM","","Seated Cable Row - V Grip (Cable)",,"",0,"normal",30,12,,,
"Séance dos triceps","Jan 17, 2024, 3:52 PM","Jan 17, 2024, 5:19 PM","","Seated Cable Row - V Grip (Cable)",,"",1,"normal",30,12,,,
"Séance dos triceps","Jan 17, 2024, 3:52 PM","Jan 17, 2024, 5:19 PM","","Lat Pulldown - Close Grip (Cable)",,"",0,"normal",25,10,,,
"Séance dos triceps","Jan 17, 2024, 3:52 PM","Jan 17, 2024, 5:19 PM","","Lat Pulldown - Close Grip (Cable)",,"",1,"normal",25,12,,,
"Séance dos triceps","Jan 17, 2024, 3:52 PM","Jan 17, 2024, 5:19 PM","","Lat Pulldown - Close Grip (Cable)",,"",2,"normal",25,12,,,
"Séance dos triceps","Jan 17, 2024, 3:52 PM","Jan 17, 2024, 5:19 PM","","Rope Straight Arm Pulldown",,"",0,"normal",20,12,,,
"Séance dos triceps","Jan 17, 2024, 3:52 PM","Jan 17, 2024, 5:19 PM","","Rope Straight Arm Pulldown",,"",1,"normal",20,12,,,
"Séance dos triceps","Jan 17, 2024, 3:52 PM","Jan 17, 2024, 5:19 PM","","Single Arm Cable Row",,"",0,"normal",18,12,,,
"Séance dos triceps","Jan 17, 2024, 3:52 PM","Jan 17, 2024, 5:19 PM","","Single Arm Cable Row",,"",1,"normal",18,12,,,
"Séance dos triceps","Jan 17, 2024, 3:52 PM","Jan 17, 2024, 5:19 PM","","Single Arm Cable Row",,"",2,"normal",23,22,,,
"Séance dos triceps","Jan 17, 2024, 3:52 PM","Jan 17, 2024, 5:19 PM","","Single Arm Cable Row",,"",3,"normal",23,15,,,
"Séance dos triceps","Jan 17, 2024, 3:52 PM","Jan 17, 2024, 5:19 PM","","Iso-Lateral Low Row",,"",0,"normal",10,12,,,
"Séance dos triceps","Jan 17, 2024, 3:52 PM","Jan 17, 2024, 5:19 PM","","Iso-Lateral Low Row",,"",1,"normal",10,12,,,
"Séance dos triceps","Jan 17, 2024, 3:52 PM","Jan 17, 2024, 5:19 PM","","Iso-Lateral Low Row",,"",2,"normal",10,12,,,
"Séance dos triceps","Jan 17, 2024, 3:52 PM","Jan 17, 2024, 5:19 PM","","Iso-Lateral Low Row",,"",3,"normal",10,12,,,
"Séance dos triceps","Jan 17, 2024, 3:52 PM","Jan 17, 2024, 5:19 PM","","Seated Dip Machine",,"",0,"normal",60,12,,,
"Séance dos triceps","Jan 17, 2024, 3:52 PM","Jan 17, 2024, 5:19 PM","","Seated Dip Machine",,"",1,"normal",60,17,,,
"Séance dos triceps","Jan 17, 2024, 3:52 PM","Jan 17, 2024, 5:19 PM","","Seated Dip Machine",,"",2,"normal",70,17,,,
"Pec Bi","Jan 15, 2024, 4:11 PM","Jan 15, 2024, 5:23 PM","Reprise donc compliqué mais vzy jpasse bientôt les 50k bench","Seated Incline Curl (Dumbbell)",,"",0,"normal",8,12,,,
"Pec Bi","Jan 15, 2024, 4:11 PM","Jan 15, 2024, 5:23 PM","Reprise donc compliqué mais vzy jpasse bientôt les 50k bench","Seated Incline Curl (Dumbbell)",,"",1,"normal",8,12,,,
"Pec Bi","Jan 15, 2024, 4:11 PM","Jan 15, 2024, 5:23 PM","Reprise donc compliqué mais vzy jpasse bientôt les 50k bench","Seated Incline Curl (Dumbbell)",,"",2,"normal",10,8,,,
"Pec Bi","Jan 15, 2024, 4:11 PM","Jan 15, 2024, 5:23 PM","Reprise donc compliqué mais vzy jpasse bientôt les 50k bench","Seated Incline Curl (Dumbbell)",,"",3,"normal",10,8,,,
"Pec Bi","Jan 15, 2024, 4:11 PM","Jan 15, 2024, 5:23 PM","Reprise donc compliqué mais vzy jpasse bientôt les 50k bench","Hammer Curl (Dumbbell)",,"",0,"normal",10,10,,,
"Pec Bi","Jan 15, 2024, 4:11 PM","Jan 15, 2024, 5:23 PM","Reprise donc compliqué mais vzy jpasse bientôt les 50k bench","Hammer Curl (Dumbbell)",,"",1,"normal",10,10,,,
"Pec Bi","Jan 15, 2024, 4:11 PM","Jan 15, 2024, 5:23 PM","Reprise donc compliqué mais vzy jpasse bientôt les 50k bench","Hammer Curl (Dumbbell)",,"",2,"normal",10,8,,,
"Pec Bi","Jan 15, 2024, 4:11 PM","Jan 15, 2024, 5:23 PM","Reprise donc compliqué mais vzy jpasse bientôt les 50k bench","Hammer Curl (Dumbbell)",,"",3,"normal",10,8,,,
"Pec Bi","Jan 15, 2024, 4:11 PM","Jan 15, 2024, 5:23 PM","Reprise donc compliqué mais vzy jpasse bientôt les 50k bench","Butterfly (Pec Deck)",,"",0,"normal",36,12,,,
"Pec Bi","Jan 15, 2024, 4:11 PM","Jan 15, 2024, 5:23 PM","Reprise donc compliqué mais vzy jpasse bientôt les 50k bench","Butterfly (Pec Deck)",,"",1,"normal",36,12,,,
"Pec Bi","Jan 15, 2024, 4:11 PM","Jan 15, 2024, 5:23 PM","Reprise donc compliqué mais vzy jpasse bientôt les 50k bench","Butterfly (Pec Deck)",,"",2,"normal",45,10,,,
"Pec Bi","Jan 15, 2024, 4:11 PM","Jan 15, 2024, 5:23 PM","Reprise donc compliqué mais vzy jpasse bientôt les 50k bench","Butterfly (Pec Deck)",,"",3,"normal",45,10,,,
"Pec Bi","Jan 15, 2024, 4:11 PM","Jan 15, 2024, 5:23 PM","Reprise donc compliqué mais vzy jpasse bientôt les 50k bench","Butterfly (Pec Deck)",,"",4,"normal",45,10,,,
"Pec Bi","Jan 15, 2024, 4:11 PM","Jan 15, 2024, 5:23 PM","Reprise donc compliqué mais vzy jpasse bientôt les 50k bench","Bicep Curl (Cable)",,"",0,"normal",10,15,,,
"Pec Bi","Jan 15, 2024, 4:11 PM","Jan 15, 2024, 5:23 PM","Reprise donc compliqué mais vzy jpasse bientôt les 50k bench","Bicep Curl (Cable)",,"",1,"normal",15,15,,,
"Pec Bi","Jan 15, 2024, 4:11 PM","Jan 15, 2024, 5:23 PM","Reprise donc compliqué mais vzy jpasse bientôt les 50k bench","Bicep Curl (Cable)",,"",2,"normal",15,15,,,
"Pec Bi","Jan 15, 2024, 4:11 PM","Jan 15, 2024, 5:23 PM","Reprise donc compliqué mais vzy jpasse bientôt les 50k bench","Bicep Curl (Cable)",,"",3,"normal",20,10,,,
"Pec Bi","Jan 15, 2024, 4:11 PM","Jan 15, 2024, 5:23 PM","Reprise donc compliqué mais vzy jpasse bientôt les 50k bench","Bench Press (Barbell)",,"",0,"normal",,15,,,
"Pec Bi","Jan 15, 2024, 4:11 PM","Jan 15, 2024, 5:23 PM","Reprise donc compliqué mais vzy jpasse bientôt les 50k bench","Bench Press (Barbell)",,"",1,"normal",10,12,,,
"Pec Bi","Jan 15, 2024, 4:11 PM","Jan 15, 2024, 5:23 PM","Reprise donc compliqué mais vzy jpasse bientôt les 50k bench","Bench Press (Barbell)",,"",2,"normal",10,12,,,
"Pec Bi","Jan 15, 2024, 4:11 PM","Jan 15, 2024, 5:23 PM","Reprise donc compliqué mais vzy jpasse bientôt les 50k bench","Bench Press (Barbell)",,"",3,"normal",15,10,,,
"Pec Bi","Jan 15, 2024, 4:11 PM","Jan 15, 2024, 5:23 PM","Reprise donc compliqué mais vzy jpasse bientôt les 50k bench","Incline Bench Press (Smith Machine)",,"",0,"normal",10,10,,,
"Pec Bi","Jan 15, 2024, 4:11 PM","Jan 15, 2024, 5:23 PM","Reprise donc compliqué mais vzy jpasse bientôt les 50k bench","Incline Bench Press (Smith Machine)",,"",1,"normal",15,10,,,
"Pec Bi","Jan 15, 2024, 4:11 PM","Jan 15, 2024, 5:23 PM","Reprise donc compliqué mais vzy jpasse bientôt les 50k bench","Incline Bench Press (Smith Machine)",,"",2,"normal",15,10,,,
"Pec Bi","Dec 29, 2023, 1:52 PM","Dec 29, 2023, 2:38 PM","","Bench Press (Dumbbell)",,"",0,"normal",14,8,,,
"Pec Bi","Dec 29, 2023, 1:52 PM","Dec 29, 2023, 2:38 PM","","Bench Press (Dumbbell)",,"",1,"normal",14,8,,,
"Pec Bi","Dec 29, 2023, 1:52 PM","Dec 29, 2023, 2:38 PM","","Bench Press (Dumbbell)",,"",2,"normal",14,8,,,
"Pec Bi","Dec 29, 2023, 1:52 PM","Dec 29, 2023, 2:38 PM","","Bench Press (Dumbbell)",,"",3,"normal",14,8,,,
"Pec Bi","Dec 29, 2023, 1:52 PM","Dec 29, 2023, 2:38 PM","","Seated Incline Curl (Dumbbell)",,"",0,"normal",8,12,,,
"Pec Bi","Dec 29, 2023, 1:52 PM","Dec 29, 2023, 2:38 PM","","Seated Incline Curl (Dumbbell)",,"",1,"normal",8,12,,,
"Pec Bi","Dec 29, 2023, 1:52 PM","Dec 29, 2023, 2:38 PM","","Seated Incline Curl (Dumbbell)",,"",2,"normal",10,10,,,
"Pec Bi","Dec 29, 2023, 1:52 PM","Dec 29, 2023, 2:38 PM","","Seated Incline Curl (Dumbbell)",,"",3,"normal",10,10,,,
"Pec Bi","Dec 29, 2023, 1:52 PM","Dec 29, 2023, 2:38 PM","","Hammer Curl (Dumbbell)",,"",0,"normal",10,12,,,
"Pec Bi","Dec 29, 2023, 1:52 PM","Dec 29, 2023, 2:38 PM","","Hammer Curl (Dumbbell)",,"",1,"normal",10,12,,,
"Pec Bi","Dec 29, 2023, 1:52 PM","Dec 29, 2023, 2:38 PM","","Hammer Curl (Dumbbell)",,"",2,"normal",10,12,,,
"Pec Bi","Dec 29, 2023, 1:52 PM","Dec 29, 2023, 2:38 PM","","Hammer Curl (Dumbbell)",,"",3,"normal",10,12,,,
"Pec Bi","Dec 29, 2023, 1:52 PM","Dec 29, 2023, 2:38 PM","","Butterfly (Pec Deck)",,"",0,"normal",36,12,,,
"Pec Bi","Dec 29, 2023, 1:52 PM","Dec 29, 2023, 2:38 PM","","Butterfly (Pec Deck)",,"",1,"normal",36,12,,,
"Pec Bi","Dec 29, 2023, 1:52 PM","Dec 29, 2023, 2:38 PM","","Butterfly (Pec Deck)",,"",2,"normal",45,10,,,
"Pec Bi","Dec 29, 2023, 1:52 PM","Dec 29, 2023, 2:38 PM","","Butterfly (Pec Deck)",,"",3,"normal",45,10,,,
"Pec Bi","Dec 29, 2023, 1:52 PM","Dec 29, 2023, 2:38 PM","","Butterfly (Pec Deck)",,"",4,"normal",45,10,,,